target,smiles,model_used,bbb_probability,MolWt,LogP,TPSA,NumHDonors,NumHAcceptors,NumRotBonds,qed_score,FSP3,NumRings,NumAromRings,NumHeavyAtoms,lipinski_violations,drug_likeness,veber_pass,ghose_pass,egan_pass,muegge_pass,pains_flag,sa_score,tice_agro_pass,hazard_any,covalent_warhead_any,structural_alert_hits,green_chem_proxy,cyp_liability_any,cyp_liability_hits,molecular_complexity_index,promiscuity_risk_proxy,toxicity_flags,toxicity_flag,admet_score,physics_score,clash_penalty,modification,desirability,brics_fragments.n_fragments,brics_fragments.fragments[0].fragment_smiles,brics_fragments.fragments[0].num_heavy_atoms,brics_fragments.fragments[0].fragment_qed,brics_fragments.fragments[0].fragment_logp,brics_fragments.fragments[1].fragment_smiles,brics_fragments.fragments[1].num_heavy_atoms,brics_fragments.fragments[1].fragment_qed,brics_fragments.fragments[1].fragment_logp,brics_fragments.fragments[2].fragment_smiles,brics_fragments.fragments[2].num_heavy_atoms,brics_fragments.fragments[2].fragment_qed,brics_fragments.fragments[2].fragment_logp,brics_fragments.fragments[3].fragment_smiles,brics_fragments.fragments[3].num_heavy_atoms,brics_fragments.fragments[3].fragment_qed,brics_fragments.fragments[3].fragment_logp,brics_fragments.fragments[4].fragment_smiles,brics_fragments.fragments[4].num_heavy_atoms,brics_fragments.fragments[4].fragment_qed,brics_fragments.fragments[4].fragment_logp,brics_fragments.fragments[5].fragment_smiles,brics_fragments.fragments[5].num_heavy_atoms,brics_fragments.fragments[5].fragment_qed,brics_fragments.fragments[5].fragment_logp,brics_fragments.fragments[6].fragment_smiles,brics_fragments.fragments[6].num_heavy_atoms,brics_fragments.fragments[6].fragment_qed,brics_fragments.fragments[6].fragment_logp,mpo_breakdown.term_values.bbb,mpo_breakdown.term_values.qed,mpo_breakdown.term_values.lipinski,mpo_breakdown.term_values.physics,mpo_breakdown.term_values.clash,mpo_breakdown.term_log_contributions.bbb,mpo_breakdown.term_log_contributions.qed,mpo_breakdown.term_log_contributions.lipinski,mpo_breakdown.term_log_contributions.physics,mpo_breakdown.term_log_contributions.clash,mpo_breakdown.weakest_driver,mpo_breakdown.weakest_driver_value,mpo_breakdown.pains_penalty_applied,mpo_breakdown.hazard_penalty_applied,mpo_breakdown.final_desirability,brics_fragments.fragments[7].fragment_smiles,brics_fragments.fragments[7].num_heavy_atoms,brics_fragments.fragments[7].fragment_qed,brics_fragments.fragments[7].fragment_logp
EGFR,COc1cc2ncnc(Nc3ccc(F)c(Cl)c3)c2cc1OCC(F)CN1CCOCC1,EGNN-CrossAttn,0.7053,464.9,4.22,68.74,1,7,8,0.5349,0.364,4,3,32,0,1.0,1,1,1,1,0,2.854,1,0,0,cyp_aniline,4.347,1,cyp_aniline,1082.47,0.736,,0,0.7341,0.5,0.0,Fluorination (blocks metabolic oxidation),0.704,7,[14*]c1ncnc2cc([16*])c([16*])cc12,10,0.4606,-0.846,[16*]c1ccc(F)c(Cl)c1,8,0.4999,1.654,[5*]N1CCOCC1,6,0.404,-0.217,[4*]CC(F)C[4*],4,0.4497,1.26,[3*]OC,2,0.3672,0.097,[3*]O[3*],1,0.3556,-0.068,[5*]N[5*],1,0.3713,-0.495,0.7053,0.5349,1.0,0.5,1.0,-0.0873,-0.1251,0.0,-0.1386,0.0,physics,0.5,False,False,0.704,,,,
EGFR,COc1cc2ncnc(Nc3ccc(F)c(Cl)c3)c2cc1OC(F)CCN1CCOCC1,EGNN-CrossAttn,0.7058,464.9,4.57,68.74,1,7,8,0.5233,0.364,4,3,32,0,1.0,1,1,1,1,0,2.854,1,0,0,cyp_aniline,4.347,1,cyp_aniline,1082.47,0.701,,0,0.7302,0.5,0.0,Fluorination (blocks metabolic oxidation),0.701,,,,,,,,,,,,,,,,,,,,,,,,,,,,,,,,,,,,,,,,,,,,,,,,
EGFR,COc1cc2nc(C)nc(Nc3ccc(F)c(Cl)c3)c2cc1OCCCN1CCOCC1,EGNN-CrossAttn,0.7175,460.94,4.58,68.74,1,7,8,0.4931,0.391,4,3,32,0,1.0,1,1,1,1,0,2.57,1,0,0,cyp_aniline,3.731,1,cyp_aniline,1092.51,0.703,,0,0.7237,0.5,0.0,Methylation (fills hydrophobic pocket),0.6956,,,,,,,,,,,,,,,,,,,,,,,,,,,,,,,,,,,,,,,,,,,,,,,,
EGFR,COc1cc2ncnc(Nc3ccc(F)c(Cl)c3)c2cc1OCC(N)CN1CCOCC1,EGNN-CrossAttn,0.6784,461.93,3.21,94.76,2,8,8,0.5278,0.364,4,3,32,0,1.0,1,1,1,1,0,2.854,1,0,0,cyp_aniline,3.847,1,cyp_aniline,1080.86,0.84,,0,0.7222,0.5,0.0,Amination (introduces basic center),0.6953,,,,,,,,,,,,,,,,,,,,,,,,,,,,,,,,,,,,,,,,,,,,,,,,
EGFR,COc1c(OCCCN2CCOCC2)cc2c(Nc3ccc(F)c(Cl)c3)ncnc2c1F,EGNN-CrossAttn,0.7126,464.9,4.41,68.74,1,7,8,0.4949,0.364,4,3,32,0,1.0,1,1,1,1,0,2.604,1,0,0,cyp_aniline,4.347,1,cyp_aniline,1096.45,0.717,,0,0.7226,0.5,0.0,Fluorination (blocks metabolic oxidation),0.6949,,,,,,,,,,,,,,,,,,,,,,,,,,,,,,,,,,,,,,,,,,,,,,,,
EGFR,COc1cc2ncnc(Nc3ccc(F)c(Cl)c3)c2cc1OCCCN1CCOC(F)C1,EGNN-CrossAttn,0.715,464.9,4.57,68.74,1,7,8,0.4895,0.364,4,3,32,0,1.0,1,1,1,1,0,2.854,1,0,0,cyp_aniline,4.347,1,cyp_aniline,1088.47,0.701,,0,0.7216,0.5,0.0,Fluorination (blocks metabolic oxidation),0.6939,,,,,,,,,,,,,,,,,,,,,,,,,,,,,,,,,,,,,,,,,,,,,,,,
EGFR,COc1cc2ncnc(Nc3ccc(F)c(Cl)c3)c2cc1OCCC(N)N1CCOCC1,EGNN-CrossAttn,0.6704,461.93,3.56,94.76,2,8,8,0.5255,0.364,4,3,32,0,1.0,1,1,1,1,0,2.854,1,0,0,cyp_aniline,3.847,1,cyp_aniline,1080.86,0.805,,0,0.7186,0.5,0.0,Amination (introduces basic center),0.6926,,,,,,,,,,,,,,,,,,,,,,,,,,,,,,,,,,,,,,,,,,,,,,,,
EGFR,COc1c(OCCCN2CCOCC2)cc2c(Nc3ccc(F)c(Cl)c3)ncnc2c1O,EGNN-CrossAttn,0.7093,462.91,3.98,88.97,2,8,8,0.4858,0.364,4,3,32,0,1.0,1,1,1,1,0,2.604,1,0,0,cyp_aniline,3.847,1,cyp_aniline,1095.2,0.762,,0,0.7183,0.5,0.0,Hydroxylation (modulates solubility),0.6915,,,,,,,,,,,,,,,,,,,,,,,,,,,,,,,,,,,,,,,,,,,,,,,,
EGFR,COc1cc2ncnc(Nc3ccc(F)c(Cl)c3)c2c(F)c1OCCCN1CCOCC1,EGNN-CrossAttn,0.6977,464.9,4.41,68.74,1,7,8,0.4949,0.364,4,3,32,0,1.0,1,1,1,1,0,2.604,1,0,0,cyp_aniline,4.347,1,cyp_aniline,1096.45,0.717,,0,0.7174,0.5,0.0,Fluorination (blocks metabolic oxidation),0.6912,,,,,,,,,,,,,,,,,,,,,,,,,,,,,,,,,,,,,,,,,,,,,,,,
EGFR,COc1cc2ncnc(Nc3ccc(F)c(Cl)c3)c2cc1OCCC(F)N1CCOCC1,EGNN-CrossAttn,0.6983,464.9,4.57,68.74,1,7,8,0.4895,0.364,4,3,32,0,1.0,1,1,1,1,0,2.854,1,0,0,cyp_aniline,4.347,1,cyp_aniline,1082.47,0.701,,0,0.7157,0.5,0.0,Fluorination (blocks metabolic oxidation),0.6899,,,,,,,,,,,,,,,,,,,,,,,,,,,,,,,,,,,,,,,,,,,,,,,,
EGFR,COc1cc2ncnc(Nc3cc(Cl)c(F)cc3C)c2cc1OCCCN1CCOCC1,EGNN-CrossAttn,0.6893,460.94,4.58,68.74,1,7,8,0.4931,0.391,4,3,32,0,1.0,1,1,1,1,0,2.57,1,0,0,cyp_aniline,3.731,1,cyp_aniline,1092.51,0.703,,0,0.7138,0.5,0.0,Methylation (fills hydrophobic pocket),0.6886,,,,,,,,,,,,,,,,,,,,,,,,,,,,,,,,,,,,,,,,,,,,,,,,
EGFR,COc1c(OCCCN2CCOCC2)cc2c(Nc3ccc(F)c(Cl)c3)ncnc2c1C,EGNN-CrossAttn,0.6877,460.94,4.58,68.74,1,7,8,0.4931,0.391,4,3,32,0,1.0,1,1,1,1,0,2.57,1,0,0,cyp_aniline,3.731,1,cyp_aniline,1092.51,0.703,,0,0.7133,0.5,0.0,Methylation (fills hydrophobic pocket),0.6882,,,,,,,,,,,,,,,,,,,,,,,,,,,,,,,,,,,,,,,,,,,,,,,,
EGFR,COc1cc2ncnc(Nc3ccc(F)c(Cl)c3)c2cc1OC(N)CCN1CCOCC1,EGNN-CrossAttn,0.6885,461.93,3.56,94.76,2,8,8,0.4916,0.364,4,3,32,0,1.0,1,1,1,1,0,2.854,1,0,0,cyp_aniline,3.847,1,cyp_aniline,1080.86,0.805,,0,0.713,0.5,0.0,Amination (introduces basic center),0.688,,,,,,,,,,,,,,,,,,,,,,,,,,,,,,,,,,,,,,,,,,,,,,,,
EGFR,CCOc1cc2ncnc(Nc3ccc(F)c(Cl)c3)c2cc1OCCCN1CCOCC1,EGNN-CrossAttn,0.7129,460.94,4.67,68.74,1,7,9,0.4653,0.391,4,3,32,0,1.0,1,1,1,1,0,2.57,1,0,0,cyp_aniline,3.731,1,cyp_aniline,1062.84,0.695,,0,0.7124,0.5,0.0,Methylation (fills hydrophobic pocket),0.6864,,,,,,,,,,,,,,,,,,,,,,,,,,,,,,,,,,,,,,,,,,,,,,,,
EGFR,COc1cc2ncnc(Nc3ccc(F)c(Cl)c3)c2cc1OCCCN1CCOCC1N,EGNN-CrossAttn,0.6774,461.93,3.56,94.76,2,8,8,0.4916,0.364,4,3,32,0,1.0,1,1,1,1,0,2.854,1,0,0,cyp_aniline,3.847,1,cyp_aniline,1086.86,0.805,,0,0.7092,0.5,0.0,Amination (introduces basic center),0.6852,,,,,,,,,,,,,,,,,,,,,,,,,,,,,,,,,,,,,,,,,,,,,,,,
EGFR,COc1cc2ncnc(Nc3ccc(F)c(Cl)c3)c2cc1OCCCN1CCOC(N)C1,EGNN-CrossAttn,0.6754,461.93,3.56,94.76,2,8,8,0.4916,0.364,4,3,32,0,1.0,1,1,1,1,0,2.854,1,0,0,cyp_aniline,3.847,1,cyp_aniline,1086.86,0.805,,0,0.7084,0.5,0.0,Amination (introduces basic center),0.6847,,,,,,,,,,,,,,,,,,,,,,,,,,,,,,,,,,,,,,,,,,,,,,,,
EGFR,FCOc1cc2ncnc(Nc3ccc(F)c(Cl)c3)c2cc1OCCCN1CCOCC1,EGNN-CrossAttn,0.7055,464.9,4.57,68.74,1,7,9,0.465,0.364,4,3,32,0,1.0,1,1,1,1,0,2.604,1,0,0,cyp_aniline,4.347,1,cyp_aniline,1066.77,0.701,,0,0.7097,0.5,0.0,Fluorination (blocks metabolic oxidation),0.6846,,,,,,,,,,,,,,,,,,,,,,,,,,,,,,,,,,,,,,,,,,,,,,,,
EGFR,COc1cc2nc(N)nc(Nc3ccc(F)c(Cl)c3)c2cc1OCCCN1CCOCC1,EGNN-CrossAttn,0.6567,461.93,3.86,94.76,2,8,8,0.4882,0.364,4,3,32,0,1.0,1,1,1,1,0,2.604,1,0,0,cyp_aniline,3.847,1,cyp_aniline,1094.84,0.775,,0,0.7007,0.5,0.0,Amination (introduces basic center),0.679,,,,,,,,,,,,,,,,,,,,,,,,,,,,,,,,,,,,,,,,,,,,,,,,
EGFR,COc1cc2ncnc(Nc3ccc(F)c(Cl)c3)c2c(O)c1OCCCN1CCOCC1,EGNN-CrossAttn,0.6434,462.91,3.98,88.97,2,8,8,0.4858,0.364,4,3,32,0,1.0,1,1,1,1,0,2.604,1,0,0,cyp_aniline,3.847,1,cyp_aniline,1095.2,0.762,,0,0.6952,0.5,0.0,Hydroxylation (modulates solubility),0.6748,,,,,,,,,,,,,,,,,,,,,,,,,,,,,,,,,,,,,,,,,,,,,,,,
EGFR,COc1cc2ncnc(Nc3ccc(F)c(Cl)c3)c2cc1OCCC(O)N1CCOCC1,EGNN-CrossAttn,0.5902,462.91,3.59,88.97,2,8,8,0.5247,0.364,4,3,32,0,1.0,1,1,1,1,0,2.854,1,0,0,cyp_aniline,3.847,1,cyp_aniline,1081.23,0.801,,0,0.6902,0.5,0.0,Hydroxylation (modulates solubility),0.6707,,,,,,,,,,,,,,,,,,,,,,,,,,,,,,,,,,,,,,,,,,,,,,,,
EGFR,COc1cc2nc(F)nc(Nc3ccc(F)c(Cl)c3)c2cc1OCCCN1CCOCC1,EGNN-CrossAttn,0.7143,464.9,4.41,68.74,1,7,8,0.3908,0.364,4,3,32,0,1.0,1,1,1,1,0,2.604,1,0,0,cyp_aniline,4.347,1,cyp_aniline,1096.45,0.717,,0,0.6868,0.5,0.0,Fluorination (blocks metabolic oxidation),0.6632,,,,,,,,,,,,,,,,,,,,,,,,,,,,,,,,,,,,,,,,,,,,,,,,
EGFR,COc1cc2ncnc(Nc3ccc(F)c(Cl)c3F)c2cc1OCCCN1CCOCC1,EGNN-CrossAttn,0.7101,464.9,4.41,68.74,1,7,8,0.3908,0.364,4,3,32,0,1.0,1,1,1,1,0,2.604,1,0,0,cyp_aniline,4.347,1,cyp_aniline,1096.45,0.717,,0,0.6853,0.5,0.0,Fluorination (blocks metabolic oxidation),0.6622,,,,,,,,,,,,,,,,,,,,,,,,,,,,,,,,,,,,,,,,,,,,,,,,
EGFR,COc1cc2ncnc(Nc3cc(F)c(F)c(Cl)c3)c2cc1OCCCN1CCOCC1,EGNN-CrossAttn,0.7082,464.9,4.41,68.74,1,7,8,0.3908,0.364,4,3,32,0,1.0,1,1,1,1,0,2.604,1,0,0,cyp_aniline,4.347,1,cyp_aniline,1073.2,0.717,,0,0.6846,0.5,0.0,Fluorination (blocks metabolic oxidation),0.6618,,,,,,,,,,,,,,,,,,,,,,,,,,,,,,,,,,,,,,,,,,,,,,,,
EGFR,COc1cc2nc(O)nc(Nc3ccc(F)c(Cl)c3)c2cc1OCCCN1CCOCC1,EGNN-CrossAttn,0.5933,462.91,3.98,88.97,2,8,8,0.4858,0.364,4,3,32,0,1.0,1,1,1,1,0,2.604,1,0,0,cyp_aniline,3.847,1,cyp_aniline,1095.2,0.762,,0,0.6777,0.5,0.0,Hydroxylation (modulates solubility),0.6613,,,,,,,,,,,,,,,,,,,,,,,,,,,,,,,,,,,,,,,,,,,,,,,,
EGFR,COc1cc2ncnc(Nc3ccc(F)c(Cl)c3)c2cc1OCCCN1CCOCC1F,EGNN-CrossAttn,0.7062,464.9,4.57,68.74,1,7,8,0.3865,0.364,4,3,32,0,1.0,1,1,1,1,0,2.854,1,0,0,cyp_aniline,4.347,1,cyp_aniline,1088.47,0.701,,0,0.6824,0.5,0.0,Fluorination (blocks metabolic oxidation),0.6599,,,,,,,,,,,,,,,,,,,,,,,,,,,,,,,,,,,,,,,,,,,,,,,,
EGFR,COc1c(OCCCN2CCOCC2)cc2c(Nc3ccc(F)c(Cl)c3)ncnc2c1N,EGNN-CrossAttn,0.7061,461.93,3.86,94.76,2,8,8,0.3855,0.364,4,3,32,0,1.0,1,1,1,1,0,2.604,1,0,0,cyp_aniline,3.847,1,cyp_aniline,1094.84,0.775,,0,0.6821,0.5,0.0,Amination (introduces basic center),0.6595,,,,,,,,,,,,,,,,,,,,,,,,,,,,,,,,,,,,,,,,,,,,,,,,
EGFR,COc1cc2ncnc(Nc3cc(Cl)c(F)cc3F)c2cc1OCCCN1CCOCC1,EGNN-CrossAttn,0.6963,464.9,4.41,68.74,1,7,8,0.3908,0.364,4,3,32,0,1.0,1,1,1,1,0,2.604,1,0,0,cyp_aniline,4.347,1,cyp_aniline,1096.45,0.717,,0,0.6805,0.5,0.0,Fluorination (blocks metabolic oxidation),0.659,,,,,,,,,,,,,,,,,,,,,,,,,,,,,,,,,,,,,,,,,,,,,,,,
EGFR,COc1cc2ncnc(Nc3ccc(F)c(Cl)c3)c2cc1OCCCN1CCOCC1O,EGNN-CrossAttn,0.5785,462.91,3.59,88.97,2,8,8,0.4908,0.364,4,3,32,0,1.0,1,1,1,1,0,2.854,1,0,0,cyp_aniline,3.847,1,cyp_aniline,1087.23,0.801,,0,0.6743,0.5,0.0,Hydroxylation (modulates solubility),0.6585,,,,,,,,,,,,,,,,,,,,,,,,,,,,,,,,,,,,,,,,,,,,,,,,
EGFR,COc1cc2ncnc(Nc3ccc(F)c(Cl)c3)c2cc1OCCCN1CCOC(O)C1,EGNN-CrossAttn,0.5747,462.91,3.59,88.97,2,8,8,0.4908,0.364,4,3,32,0,1.0,1,1,1,1,0,2.854,1,0,0,cyp_aniline,3.847,1,cyp_aniline,1087.23,0.801,,0,0.6729,0.5,0.0,Hydroxylation (modulates solubility),0.6574,,,,,,,,,,,,,,,,,,,,,,,,,,,,,,,,,,,,,,,,,,,,,,,,
EGFR,COc1cc2ncnc(Nc3ccc(F)c(Cl)c3N)c2cc1OCCCN1CCOCC1,EGNN-CrossAttn,0.6967,461.93,3.86,94.76,2,8,8,0.3855,0.364,4,3,32,0,1.0,1,1,1,1,0,2.604,1,0,0,cyp_aniline,3.847,1,cyp_aniline,1094.84,0.775,,0,0.6788,0.5,0.0,Amination (introduces basic center),0.6573,,,,,,,,,,,,,,,,,,,,,,,,,,,,,,,,,,,,,,,,,,,,,,,,
EGFR,COc1cc2ncnc(Nc3cc(Cl)c(F)cc3N)c2cc1OCCCN1CCOCC1,EGNN-CrossAttn,0.6857,461.93,3.86,94.76,2,8,8,0.3855,0.364,4,3,32,0,1.0,1,1,1,1,0,2.604,1,0,0,cyp_aniline,3.847,1,cyp_aniline,1094.84,0.775,,0,0.6749,0.5,0.0,Amination (introduces basic center),0.6547,,,,,,,,,,,,,,,,,,,,,,,,,,,,,,,,,,,,,,,,,,,,,,,,
EGFR,COc1cc2ncnc(Nc3ccc(F)c(Cl)c3)c2cc1OCC(O)CN1CCOCC1,EGNN-CrossAttn,0.5283,462.91,3.25,88.97,2,8,8,0.5271,0.364,4,3,32,0,1.0,1,1,1,1,0,2.854,1,0,0,cyp_aniline,3.847,1,cyp_aniline,1081.23,0.835,,0,0.6694,0.5,0.0,Hydroxylation (modulates solubility),0.653,,,,,,,,,,,,,,,,,,,,,,,,,,,,,,,,,,,,,,,,,,,,,,,,
EGFR,COc1cc2ncnc(Nc3cc(N)c(F)c(Cl)c3)c2cc1OCCCN1CCOCC1,EGNN-CrossAttn,0.6742,461.93,3.86,94.76,2,8,8,0.3855,0.364,4,3,32,0,1.0,1,1,1,1,0,2.604,1,0,0,cyp_aniline,3.847,1,cyp_aniline,1071.59,0.775,,0,0.6709,0.5,0.0,Amination (introduces basic center),0.6519,,,,,,,,,,,,,,,,,,,,,,,,,,,,,,,,,,,,,,,,,,,,,,,,
EGFR,COc1cc2ncnc(Nc3ccc(F)c(Cl)c3)c2c(N)c1OCCCN1CCOCC1,EGNN-CrossAttn,0.6703,461.93,3.86,94.76,2,8,8,0.3855,0.364,4,3,32,0,1.0,1,1,1,1,0,2.604,1,0,0,cyp_aniline,3.847,1,cyp_aniline,1094.84,0.775,,0,0.6695,0.5,0.0,Amination (introduces basic center),0.651,,,,,,,,,,,,,,,,,,,,,,,,,,,,,,,,,,,,,,,,,,,,,,,,
EGFR,COc1cc2ncnc(Nc3ccc(F)c(Cl)c3)c2cc1OC(O)CCN1CCOCC1,EGNN-CrossAttn,0.5515,462.91,3.59,88.97,2,8,8,0.4908,0.364,4,3,32,0,1.0,1,1,1,1,0,2.854,1,0,0,cyp_aniline,3.847,1,cyp_aniline,1081.23,0.801,,0,0.6648,0.5,0.0,Hydroxylation (modulates solubility),0.6507,,,,,,,,,,,,,,,,,,,,,,,,,,,,,,,,,,,,,,,,,,,,,,,,
EGFR,NCOc1cc2ncnc(Nc3ccc(F)c(Cl)c3)c2cc1OCCCN1CCOCC1,EGNN-CrossAttn,0.6824,461.93,3.56,94.76,2,8,9,0.3687,0.364,4,3,32,0,1.0,1,1,1,1,0,2.604,1,0,0,cyp_aniline,3.847,1,cyp_aniline,1065.16,0.805,,0,0.6679,0.5,0.0,Amination (introduces basic center),0.6481,,,,,,,,,,,,,,,,,,,,,,,,,,,,,,,,,,,,,,,,,,,,,,,,
EGFR,COc1cc2ncnc(Nc3cc(O)c(F)c(Cl)c3)c2cc1OCCCN1CCOCC1,EGNN-CrossAttn,0.5418,462.91,3.98,88.97,2,8,8,0.4858,0.364,4,3,32,0,1.0,1,1,1,1,0,2.604,1,0,0,cyp_aniline,3.847,1,cyp_aniline,1071.95,0.762,,0,0.6597,0.5,0.0,Hydroxylation (modulates solubility),0.6465,,,,,,,,,,,,,,,,,,,,,,,,,,,,,,,,,,,,,,,,,,,,,,,,
EGFR,COc1cc2ncnc(Nc3cc(Cl)c(F)cc3O)c2cc1OCCCN1CCOCC1,EGNN-CrossAttn,0.6268,462.91,3.98,88.97,2,8,8,0.3836,0.364,4,3,32,0,1.0,1,1,1,1,0,2.604,1,0,0,cyp_aniline,3.847,1,cyp_aniline,1095.2,0.762,,0,0.6536,0.5,0.0,Hydroxylation (modulates solubility),0.6395,,,,,,,,,,,,,,,,,,,,,,,,,,,,,,,,,,,,,,,,,,,,,,,,
EGFR,OCOc1cc2ncnc(Nc3ccc(F)c(Cl)c3)c2cc1OCCCN1CCOCC1,EGNN-CrossAttn,0.5724,462.91,3.6,88.97,2,8,9,0.3682,0.364,4,3,32,0,1.0,1,1,1,1,0,2.604,1,0,0,cyp_aniline,3.847,1,cyp_aniline,1065.53,0.801,,0,0.6292,0.5,0.0,Hydroxylation (modulates solubility),0.6201,,,,,,,,,,,,,,,,,,,,,,,,,,,,,,,,,,,,,,,,,,,,,,,,
EGFR,COc1cc2ncnc(Nc3ccc(F)c(Cl)c3O)c2cc1OCCCN1CCOCC1,EGNN-CrossAttn,0.5406,462.91,3.98,88.97,2,8,8,0.3836,0.364,4,3,32,0,1.0,1,1,1,1,0,2.604,1,0,0,cyp_aniline,3.847,1,cyp_aniline,1095.2,0.762,,0,0.6235,0.5,0.0,Hydroxylation (modulates solubility),0.6163,,,,,,,,,,,,,,,,,,,,,,,,,,,,,,,,,,,,,,,,,,,,,,,,
BRAF,CNC(=O)c1cc(Oc2ccc(NC(=O)Nc3ccc(F)c(C(F)(F)F)c3)cc2)ccn1,EGNN-CrossAttn,0.5588,448.38,5.04,92.35,3,4,5,0.4774,0.095,3,3,32,1,0.75,1,1,1,0,0,2.576,1,0,0,cyp_pyridine_heme,4.855,1,cyp_pyridine_heme,1134.63,0.669,,0,0.6127,0.5,0.0,Chlorine-to-fluorine bioisosteric swap,0.6218,9,[16*]c1ccc(F)c([16*])c1,7,0.4298,0.175,[16*]c1ccc([16*])cc1,6,0.4089,0.036,[14*]c1cc([16*])ccn1,6,0.4039,-0.569,[8*]C(F)(F)F,4,0.3986,1.055,[1*]C([1*])=O,2,0.3706,0.205,[5*]NC,2,0.3842,-0.33,[1*]C([6*])=O,2,0.3706,0.205,0.5588,0.4774,0.75,0.5,1.0,-0.1455,-0.1479,-0.0432,-0.1386,0.0,qed,0.4774,False,False,0.6218,[3*]O[3*],1,0.3556,-0.068
BRAF,CNC(=O)c1nccc(Oc2ccc(NC(=O)Nc3ccc(Cl)c(C(F)(F)F)c3)cc2)c1C,EGNN-CrossAttn,0.5973,478.86,5.86,92.35,3,4,5,0.4281,0.136,3,3,33,1,0.75,1,0,1,0,0,2.546,0,0,0,cyp_pyridine_heme,4.791,1,cyp_pyridine_heme,1184.49,0.561,HighLogP,1,0.5589,0.5,0.0,Methylation (fills hydrophobic pocket),0.6186,,,,,,,,,,,,,,,,,,,,,,,,,,,,,,,,,,,,,,,,,,,,,,,,
BRAF,CNC(=O)c1nccc(Oc2ccc(NC(=O)Nc3ccc(Cl)c(C(F)(F)F)c3)cc2)c1F,EGNN-CrossAttn,0.5958,482.82,5.69,92.35,3,4,5,0.4074,0.095,3,3,33,1,0.75,1,0,1,0,0,2.596,0,0,0,cyp_pyridine_heme,5.415,1,cyp_pyridine_heme,1187.12,0.575,HighLogP,1,0.5511,0.5,0.0,Fluorination (blocks metabolic oxidation),0.6121,,,,,,,,,,,,,,,,,,,,,,,,,,,,,,,,,,,,,,,,,,,,,,,,
BRAF,CNC(=O)c1cc(Oc2ccc(NC(=O)Nc3ccc(Cl)c(C(F)(F)F)c3)cc2)c(C)cn1,EGNN-CrossAttn,0.5645,478.86,5.86,92.35,3,4,5,0.4281,0.136,3,3,33,1,0.75,1,0,1,0,0,2.546,0,0,0,cyp_pyridine_heme,4.791,1,cyp_pyridine_heme,1184.49,0.561,HighLogP,1,0.5474,0.5,0.0,Methylation (fills hydrophobic pocket),0.6099,,,,,,,,,,,,,,,,,,,,,,,,,,,,,,,,,,,,,,,,,,,,,,,,
BRAF,CNC(=O)c1cc(Oc2ccc(NC(=O)Nc3ccc(Cl)c(C(F)(F)F)c3)cc2C)ccn1,EGNN-CrossAttn,0.5605,478.86,5.86,92.35,3,4,5,0.4281,0.136,3,3,33,1,0.75,1,0,1,0,0,2.546,0,0,0,cyp_pyridine_heme,4.791,1,cyp_pyridine_heme,1201.74,0.561,HighLogP,1,0.546,0.5,0.0,Methylation (fills hydrophobic pocket),0.6088,,,,,,,,,,,,,,,,,,,,,,,,,,,,,,,,,,,,,,,,,,,,,,,,
BRAF,CNC(=O)c1cc(Oc2ccc(NC(=O)Nc3ccc(Cl)c(C(F)(F)F)c3)cc2)c(F)cn1,EGNN-CrossAttn,0.5814,482.82,5.69,92.35,3,4,5,0.4074,0.095,3,3,33,1,0.75,1,0,1,0,0,2.596,0,0,0,cyp_pyridine_heme,5.415,1,cyp_pyridine_heme,1187.12,0.575,HighLogP,1,0.5461,0.5,0.0,Fluorination (blocks metabolic oxidation),0.6084,,,,,,,,,,,,,,,,,,,,,,,,,,,,,,,,,,,,,,,,,,,,,,,,
BRAF,CNC(=O)c1cc(Oc2ccc(NC(=O)Nc3ccc(Cl)c(C(F)(F)F)c3)cc2)cc(C)n1,EGNN-CrossAttn,0.5564,478.86,5.86,92.35,3,4,5,0.4281,0.136,3,3,33,1,0.75,1,0,1,0,0,2.546,0,0,0,cyp_pyridine_heme,4.791,1,cyp_pyridine_heme,1184.49,0.561,HighLogP,1,0.5446,0.5,0.0,Methylation (fills hydrophobic pocket),0.6077,,,,,,,,,,,,,,,,,,,,,,,,,,,,,,,,,,,,,,,,,,,,,,,,
BRAF,CNC(=O)c1cc(Oc2ccc(NC(=O)Nc3ccc(Cl)c(C(F)(F)F)c3)cc2F)ccn1,EGNN-CrossAttn,0.5771,482.82,5.69,92.35,3,4,5,0.4074,0.095,3,3,33,1,0.75,1,0,1,0,0,2.596,0,0,0,cyp_pyridine_heme,5.415,1,cyp_pyridine_heme,1204.37,0.575,HighLogP,1,0.5446,0.5,0.0,Fluorination (blocks metabolic oxidation),0.6073,,,,,,,,,,,,,,,,,,,,,,,,,,,,,,,,,,,,,,,,,,,,,,,,
BRAF,CNC(=O)c1cc(Oc2ccc(NC(=O)Nc3ccc(Cl)c(C(F)(F)F)c3)c(F)c2)ccn1,EGNN-CrossAttn,0.5755,482.82,5.69,92.35,3,4,5,0.4074,0.095,3,3,33,1,0.75,1,0,1,0,0,2.596,0,0,0,cyp_pyridine_heme,5.415,1,cyp_pyridine_heme,1204.37,0.575,HighLogP,1,0.544,0.5,0.0,Fluorination (blocks metabolic oxidation),0.6068,,,,,,,,,,,,,,,,,,,,,,,,,,,,,,,,,,,,,,,,,,,,,,,,
BRAF,CNC(=O)c1cc(Oc2ccc(NC(=O)Nc3ccc(Cl)c(C(F)(F)F)c3C)cc2)ccn1,EGNN-CrossAttn,0.5483,478.86,5.86,92.35,3,4,5,0.4281,0.136,3,3,33,1,0.75,1,0,1,0,0,2.546,0,0,0,cyp_pyridine_heme,4.791,1,cyp_pyridine_heme,1184.49,0.561,HighLogP,1,0.5417,0.5,0.0,Methylation (fills hydrophobic pocket),0.6055,,,,,,,,,,,,,,,,,,,,,,,,,,,,,,,,,,,,,,,,,,,,,,,,
BRAF,CNC(=O)c1cc(Oc2ccc(NC(=O)Nc3ccc(Cl)c(C(F)(F)F)c3F)cc2)ccn1,EGNN-CrossAttn,0.5699,482.82,5.69,92.35,3,4,5,0.4074,0.095,3,3,33,1,0.75,1,0,1,0,0,2.596,0,0,0,cyp_pyridine_heme,5.415,1,cyp_pyridine_heme,1187.12,0.575,HighLogP,1,0.5421,0.5,0.0,Fluorination (blocks metabolic oxidation),0.6054,,,,,,,,,,,,,,,,,,,,,,,,,,,,,,,,,,,,,,,,,,,,,,,,
BRAF,CNC(=O)c1cc(Oc2ccc(NC(=O)Nc3ccc(Cl)c(C(F)(F)F)c3)c(C)c2)ccn1,EGNN-CrossAttn,0.5478,478.86,5.86,92.35,3,4,5,0.4281,0.136,3,3,33,1,0.75,1,0,1,0,0,2.546,0,0,0,cyp_pyridine_heme,4.791,1,cyp_pyridine_heme,1201.74,0.561,HighLogP,1,0.5416,0.5,0.0,Methylation (fills hydrophobic pocket),0.6054,,,,,,,,,,,,,,,,,,,,,,,,,,,,,,,,,,,,,,,,,,,,,,,,
BRAF,CNC(=O)c1cc(Oc2ccc(NC(=O)Nc3cc(C(F)(F)F)c(Cl)cc3F)cc2)ccn1,EGNN-CrossAttn,0.5688,482.82,5.69,92.35,3,4,5,0.4074,0.095,3,3,33,1,0.75,1,0,1,0,0,2.596,0,0,0,cyp_pyridine_heme,5.415,1,cyp_pyridine_heme,1187.12,0.575,HighLogP,1,0.5417,0.5,0.0,Fluorination (blocks metabolic oxidation),0.6051,,,,,,,,,,,,,,,,,,,,,,,,,,,,,,,,,,,,,,,,,,,,,,,,
BRAF,CNC(=O)c1cc(Oc2ccc(NC(=O)Nc3cc(F)c(Cl)c(C(F)(F)F)c3)cc2)ccn1,EGNN-CrossAttn,0.5678,482.82,5.69,92.35,3,4,5,0.4074,0.095,3,3,33,1,0.75,1,0,1,0,0,2.596,0,0,0,cyp_pyridine_heme,5.415,1,cyp_pyridine_heme,1187.12,0.575,HighLogP,1,0.5413,0.5,0.0,Fluorination (blocks metabolic oxidation),0.6048,,,,,,,,,,,,,,,,,,,,,,,,,,,,,,,,,,,,,,,,,,,,,,,,
BRAF,CCNC(=O)c1cc(Oc2ccc(NC(=O)Nc3ccc(Cl)c(C(F)(F)F)c3)cc2)ccn1,EGNN-CrossAttn,0.5634,478.86,5.94,92.35,3,4,6,0.4086,0.136,3,3,33,1,0.75,1,0,0,0,0,2.546,0,0,0,cyp_pyridine_heme,4.791,1,cyp_pyridine_heme,1154.37,0.553,HighLogP,1,0.5402,0.5,0.0,Methylation (fills hydrophobic pocket),0.604,,,,,,,,,,,,,,,,,,,,,,,,,,,,,,,,,,,,,,,,,,,,,,,,
BRAF,CNC(=O)c1cc(Oc2ccc(NC(=O)Nc3cc(C(F)(F)F)c(Cl)cc3C)cc2)ccn1,EGNN-CrossAttn,0.5341,478.86,5.86,92.35,3,4,5,0.4281,0.136,3,3,33,1,0.75,1,0,1,0,0,2.546,0,0,0,cyp_pyridine_heme,4.791,1,cyp_pyridine_heme,1184.49,0.561,HighLogP,1,0.5368,0.5,0.0,Methylation (fills hydrophobic pocket),0.6015,,,,,,,,,,,,,,,,,,,,,,,,,,,,,,,,,,,,,,,,,,,,,,,,
BRAF,CNC(=O)c1cc(Oc2ccc(NC(=O)Nc3ccc(Cl)c(C(F)(F)F)c3)cc2)c(N)cn1,EGNN-CrossAttn,0.5564,479.85,5.13,118.37,4,5,5,0.4042,0.095,3,3,33,1,0.75,1,1,1,0,0,2.596,0,0,0,cyp_pyridine_heme,4.915,1,cyp_pyridine_heme,1186.75,0.633,,0,0.5862,0.5,0.0,Amination (introduces basic center),0.6008,,,,,,,,,,,,,,,,,,,,,,,,,,,,,,,,,,,,,,,,,,,,,,,,
BRAF,NCNC(=O)c1cc(Oc2ccc(NC(=O)Nc3ccc(Cl)c(C(F)(F)F)c3)cc2)ccn1,EGNN-CrossAttn,0.4931,479.85,4.84,118.37,4,5,6,0.3773,0.095,3,3,33,0,1.0,1,1,1,1,0,2.596,0,0,0,cyp_pyridine_heme,4.915,1,cyp_pyridine_heme,1156.63,0.662,,0,0.6046,0.5,0.0,Amination (introduces basic center),0.6003,,,,,,,,,,,,,,,,,,,,,,,,,,,,,,,,,,,,,,,,,,,,,,,,
BRAF,CNC(=O)c1cc(Oc2ccc(NC(=O)Nc3cc(C)c(Cl)c(C(F)(F)F)c3)cc2)ccn1,EGNN-CrossAttn,0.5269,478.86,5.86,92.35,3,4,5,0.4281,0.136,3,3,33,1,0.75,1,0,1,0,0,2.546,0,0,0,cyp_pyridine_heme,4.791,1,cyp_pyridine_heme,1184.49,0.561,HighLogP,1,0.5343,0.5,0.0,Methylation (fills hydrophobic pocket),0.5995,,,,,,,,,,,,,,,,,,,,,,,,,,,,,,,,,,,,,,,,,,,,,,,,
BRAF,CNC(=O)c1cc(Oc2ccc(NC(=O)Nc3ccc(Cl)c(C(F)(F)F)c3)cc2)cc(N)n1,EGNN-CrossAttn,0.5434,479.85,5.13,118.37,4,5,5,0.4042,0.095,3,3,33,1,0.75,1,1,1,0,0,2.596,0,0,0,cyp_pyridine_heme,4.915,1,cyp_pyridine_heme,1186.75,0.633,,0,0.5817,0.5,0.0,Amination (introduces basic center),0.5972,,,,,,,,,,,,,,,,,,,,,,,,,,,,,,,,,,,,,,,,,,,,,,,,
BRAF,CNC(=O)c1nccc(Oc2ccc(NC(=O)Nc3ccc(Cl)c(C(F)(F)F)c3)cc2)c1N,EGNN-CrossAttn,0.5418,479.85,5.13,118.37,4,5,5,0.4042,0.095,3,3,33,1,0.75,1,1,1,0,0,2.596,0,0,0,cyp_pyridine_heme,4.915,1,cyp_pyridine_heme,1186.75,0.633,,0,0.5811,0.5,0.0,Amination (introduces basic center),0.5968,,,,,,,,,,,,,,,,,,,,,,,,,,,,,,,,,,,,,,,,,,,,,,,,
BRAF,CNC(=O)c1cc(Oc2ccc(NC(=O)Nc3ccc(Cl)c(C(F)(F)F)c3)cc2N)ccn1,EGNN-CrossAttn,0.5606,479.85,5.13,118.37,4,5,5,0.3782,0.095,3,3,33,1,0.75,1,1,1,0,0,2.596,0,0,0,cyp_pyridine_heme; cyp_aniline,4.915,1,cyp_pyridine_heme; cyp_aniline,1204.0,0.633,,0,0.5786,0.5,0.0,Amination (introduces basic center),0.594,,,,,,,,,,,,,,,,,,,,,,,,,,,,,,,,,,,,,,,,,,,,,,,,
BRAF,CNC(=O)c1cc(Oc2ccc(NC(=O)Nc3cc(N)c(Cl)c(C(F)(F)F)c3)cc2)ccn1,EGNN-CrossAttn,0.542,479.85,5.13,118.37,4,5,5,0.3782,0.095,3,3,33,1,0.75,1,1,1,0,0,2.596,0,0,0,cyp_pyridine_heme; cyp_aniline,4.915,1,cyp_pyridine_heme; cyp_aniline,1186.75,0.633,,0,0.5721,0.5,0.0,Amination (introduces basic center),0.589,,,,,,,,,,,,,,,,,,,,,,,,,,,,,,,,,,,,,,,,,,,,,,,,
BRAF,CNC(=O)c1cc(Oc2ccc(NC(=O)Nc3ccc(Cl)c(C(F)(F)F)c3)c(N)c2)ccn1,EGNN-CrossAttn,0.529,479.85,5.13,118.37,4,5,5,0.3782,0.095,3,3,33,1,0.75,1,1,1,0,0,2.596,0,0,0,cyp_pyridine_heme; cyp_aniline,4.915,1,cyp_pyridine_heme; cyp_aniline,1204.0,0.633,,0,0.5675,0.5,0.0,Amination (introduces basic center),0.5854,,,,,,,,,,,,,,,,,,,,,,,,,,,,,,,,,,,,,,,,,,,,,,,,
BRAF,O=C(Nc1ccc(Oc2ccnc(C(=O)NCO)c2)cc1)Nc1ccc(Cl)c(C(F)(F)F)c1,EGNN-CrossAttn,0.446,480.83,4.87,112.58,4,5,6,0.376,0.095,3,3,33,0,1.0,1,0,1,1,0,2.596,0,0,0,cyp_pyridine_heme,4.915,1,cyp_pyridine_heme,1156.99,0.658,,0,0.5877,0.5,0.0,Hydroxylation (modulates solubility),0.585,,,,,,,,,,,,,,,,,,,,,,,,,,,,,,,,,,,,,,,,,,,,,,,,
BRAF,CNC(=O)c1cc(Oc2ccc(NC(=O)Nc3cc(C(F)(F)F)c(Cl)cc3N)cc2)ccn1,EGNN-CrossAttn,0.5251,479.85,5.13,118.37,4,5,5,0.3782,0.095,3,3,33,1,0.75,1,1,1,0,0,2.596,0,0,0,cyp_pyridine_heme; cyp_aniline,4.915,1,cyp_pyridine_heme; cyp_aniline,1186.75,0.633,,0,0.5662,0.5,0.0,Amination (introduces basic center),0.5843,,,,,,,,,,,,,,,,,,,,,,,,,,,,,,,,,,,,,,,,,,,,,,,,
BRAF,CNC(=O)c1nccc(Oc2ccc(NC(=O)Nc3ccc(Cl)c(C(F)(F)F)c3)cc2)c1O,EGNN-CrossAttn,0.5024,480.83,5.26,112.58,4,5,5,0.3979,0.095,3,3,33,1,0.75,1,0,1,0,0,2.596,0,0,0,cyp_pyridine_heme,4.915,1,cyp_pyridine_heme,1187.12,0.62,,0,0.5651,0.5,0.0,Hydroxylation (modulates solubility),0.5838,,,,,,,,,,,,,,,,,,,,,,,,,,,,,,,,,,,,,,,,,,,,,,,,
BRAF,CNC(=O)c1cc(Oc2ccc(NC(=O)Nc3ccc(Cl)c(C(F)(F)F)c3)cc2)cc(O)n1,EGNN-CrossAttn,0.4971,480.83,5.26,112.58,4,5,5,0.3979,0.095,3,3,33,1,0.75,1,0,1,0,0,2.596,0,0,0,cyp_pyridine_heme,4.915,1,cyp_pyridine_heme,1187.12,0.62,,0,0.5632,0.5,0.0,Hydroxylation (modulates solubility),0.5823,,,,,,,,,,,,,,,,,,,,,,,,,,,,,,,,,,,,,,,,,,,,,,,,
BRAF,CNC(=O)c1cc(Oc2ccc(NC(=O)Nc3ccc(Cl)c(C(F)(F)F)c3N)cc2)ccn1,EGNN-CrossAttn,0.5176,479.85,5.13,118.37,4,5,5,0.3782,0.095,3,3,33,1,0.75,1,1,1,0,0,2.596,0,0,0,cyp_pyridine_heme; cyp_aniline,4.915,1,cyp_pyridine_heme; cyp_aniline,1186.75,0.633,,0,0.5635,0.5,0.0,Amination (introduces basic center),0.5822,,,,,,,,,,,,,,,,,,,,,,,,,,,,,,,,,,,,,,,,,,,,,,,,
BRAF,CNC(=O)c1cc(Oc2ccc(NC(=O)Nc3ccc(Cl)c(C(F)(F)F)c3)cc2)cc(F)n1,EGNN-CrossAttn,0.5797,482.82,5.69,92.35,3,4,5,0.3217,0.095,3,3,33,1,0.75,1,0,1,0,0,2.596,0,0,0,cyp_pyridine_heme,5.415,1,cyp_pyridine_heme,1187.12,0.575,HighLogP,1,0.5155,0.5,0.0,Fluorination (blocks metabolic oxidation),0.5799,,,,,,,,,,,,,,,,,,,,,,,,,,,,,,,,,,,,,,,,,,,,,,,,
BRAF,CNC(=O)c1cc(Oc2ccc(NC(=O)Nc3cc(C(F)(F)F)c(Cl)cc3O)cc2)ccn1,EGNN-CrossAttn,0.5092,480.83,5.26,112.58,4,5,5,0.3723,0.095,3,3,33,1,0.75,1,0,1,0,0,2.596,0,0,0,cyp_pyridine_heme,4.915,1,cyp_pyridine_heme,1187.12,0.62,,0,0.5585,0.5,0.0,Hydroxylation (modulates solubility),0.578,,,,,,,,,,,,,,,,,,,,,,,,,,,,,,,,,,,,,,,,,,,,,,,,
BRAF,CNC(=O)c1cc(Oc2ccc(NC(=O)Nc3ccc(Cl)c(C(F)(F)F)c3O)cc2)ccn1,EGNN-CrossAttn,0.5008,480.83,5.26,112.58,4,5,5,0.3723,0.095,3,3,33,1,0.75,1,0,1,0,0,2.596,0,0,0,cyp_pyridine_heme,4.915,1,cyp_pyridine_heme,1187.12,0.62,,0,0.5556,0.5,0.0,Hydroxylation (modulates solubility),0.5756,,,,,,,,,,,,,,,,,,,,,,,,,,,,,,,,,,,,,,,,,,,,,,,,
BRAF,CNC(=O)c1cc(Oc2ccc(NC(=O)Nc3cc(O)c(Cl)c(C(F)(F)F)c3)cc2)ccn1,EGNN-CrossAttn,0.4734,480.83,5.26,112.58,4,5,5,0.3979,0.095,3,3,33,1,0.75,1,0,1,0,0,2.596,0,0,0,cyp_pyridine_heme,4.915,1,cyp_pyridine_heme,1187.12,0.62,,0,0.555,0.5,0.0,Hydroxylation (modulates solubility),0.5752,,,,,,,,,,,,,,,,,,,,,,,,,,,,,,,,,,,,,,,,,,,,,,,,
BRAF,CNC(=O)c1cc(Oc2ccc(NC(=O)Nc3ccc(Cl)c(C(F)(F)F)c3)cc2)c(O)cn1,EGNN-CrossAttn,0.4579,480.83,5.26,112.58,4,5,5,0.3979,0.095,3,3,33,1,0.75,1,0,1,0,0,2.596,0,0,0,cyp_pyridine_heme,4.915,1,cyp_pyridine_heme,1187.12,0.62,,0,0.5495,0.5,0.0,Hydroxylation (modulates solubility),0.5704,,,,,,,,,,,,,,,,,,,,,,,,,,,,,,,,,,,,,,,,,,,,,,,,
BRAF,CNC(=O)c1cc(Oc2ccc(NC(=O)Nc3ccc(Cl)c(C(F)(F)F)c3)cc2O)ccn1,EGNN-CrossAttn,0.4469,480.83,5.26,112.58,4,5,5,0.3979,0.095,3,3,33,1,0.75,1,0,1,0,0,2.596,0,0,0,cyp_pyridine_heme,4.915,1,cyp_pyridine_heme,1204.37,0.62,,0,0.5457,0.5,0.0,Hydroxylation (modulates solubility),0.567,,,,,,,,,,,,,,,,,,,,,,,,,,,,,,,,,,,,,,,,,,,,,,,,
BRAF,O=C(Nc1ccc(Oc2ccnc(C(=O)NCF)c2)cc1)Nc1ccc(Cl)c(C(F)(F)F)c1,EGNN-CrossAttn,0.5447,482.82,5.85,92.35,3,4,6,0.3035,0.095,3,3,33,1,0.75,1,0,1,0,0,2.596,0,0,0,cyp_pyridine_heme,5.415,1,cyp_pyridine_heme,1156.99,0.559,HighLogP,1,0.4969,0.5,0.0,Fluorination (blocks metabolic oxidation),0.5643,,,,,,,,,,,,,,,,,,,,,,,,,,,,,,,,,,,,,,,,,,,,,,,,
BRAF,CNC(=O)c1cc(Oc2ccc(NC(=O)Nc3ccc(Cl)c(C(F)(F)F)c3)c(O)c2)ccn1,EGNN-CrossAttn,0.4531,480.83,5.26,112.58,4,5,5,0.3723,0.095,3,3,33,1,0.75,1,0,1,0,0,2.596,0,0,0,cyp_pyridine_heme,4.915,1,cyp_pyridine_heme,1204.37,0.62,,0,0.5389,0.5,0.0,Hydroxylation (modulates solubility),0.5614,,,,,,,,,,,,,,,,,,,,,,,,,,,,,,,,,,,,,,,,,,,,,,,,
CDK2,Nc1ncnc2c1ncn2[C@]1(F)O[C@H](COP(=O)(O)OP(=O)(O)OP(=O)(O)O)[C@@H](O)[C@H]1O,EGNN-CrossAttn,0.2868,525.17,-1.55,279.13,7,13,8,0.1921,0.5,3,2,32,3,0.25,0,0,0,0,0,3.59,0,0,0,,4.062,0,,1158.57,0.896,,0,0.3176,0.5,0.0,Fluorination (blocks metabolic oxidation),0.372,4,[3*]OP(=O)(O)OP(=O)(O)OP(=O)(O)O,13,0.4847,-0.206,[9*]n1cnc2c(N)ncnc21,10,0.5376,-0.279,[13*][C@H]1O[C@]([13*])(F)[C@H](O)[C@@H]1O,8,0.4213,-1.214,[4*]C[8*],1,0.3554,0.461,,,,,,,,,,,,,0.2868,0.1921,0.25,0.5,1.0,-0.3122,-0.3299,-0.2079,-0.1386,0.0,qed,0.1921,False,False,0.372,,,,
CDK2,Nc1ncnc2c1ncn2[C@@H]1O[C@](F)(COP(=O)(O)OP(=O)(O)OP(=O)(O)O)[C@@H](O)[C@H]1O,EGNN-CrossAttn,0.2716,525.17,-1.33,279.13,7,13,8,0.1965,0.5,3,2,32,3,0.25,0,0,0,0,0,3.59,0,0,0,,4.062,0,,1158.57,0.896,,0,0.3138,0.5,0.0,Fluorination (blocks metabolic oxidation),0.3687,,,,,,,,,,,,,,,,,,,,,,,,,,,,,,,,,,,,,,,,,,,,,,,,
CDK2,Nc1ncnc2c1ncn2[C@@H]1O[C@H](COP(=O)(O)OP(=O)(O)OP(=O)(O)O)[C@@H](O)[C@]1(O)F,EGNN-CrossAttn,0.271,525.17,-1.33,279.13,7,13,8,0.1965,0.5,3,2,32,3,0.25,0,0,0,0,0,3.59,0,0,0,,4.062,0,,1154.57,0.896,,0,0.3136,0.5,0.0,Fluorination (blocks metabolic oxidation),0.3685,,,,,,,,,,,,,,,,,,,,,,,,,,,,,,,,,,,,,,,,,,,,,,,,
CDK2,C[C@@]1(O)[C@@H](COP(=O)(O)OP(=O)(O)OP(=O)(O)O)O[C@@H](n2cnc3c(N)ncnc32)[C@@H]1O,EGNN-CrossAttn,0.2669,521.21,-1.24,279.13,7,13,8,0.2,0.545,3,2,32,3,0.25,0,0,0,0,0,3.535,0,0,0,,3.432,0,,1149.73,0.899,,0,0.3134,0.5,0.0,Methylation (fills hydrophobic pocket),0.3684,,,,,,,,,,,,,,,,,,,,,,,,,,,,,,,,,,,,,,,,,,,,,,,,
CDK2,CC(OP(=O)(O)OP(=O)(O)OP(=O)(O)O)[C@H]1O[C@@H](n2cnc3c(N)ncnc32)[C@H](O)[C@@H]1O,EGNN-CrossAttn,0.2659,521.21,-1.24,279.13,7,13,8,0.1999,0.545,3,2,32,3,0.25,0,0,0,0,0,3.785,0,0,0,,3.432,0,,1137.91,0.899,,0,0.313,0.5,0.0,Methylation (fills hydrophobic pocket),0.368,,,,,,,,,,,,,,,,,,,,,,,,,,,,,,,,,,,,,,,,,,,,,,,,
CDK2,C[C@]1(COP(=O)(O)OP(=O)(O)OP(=O)(O)O)O[C@@H](n2cnc3c(N)ncnc32)[C@H](O)[C@@H]1O,EGNN-CrossAttn,0.2656,521.21,-1.24,279.13,7,13,8,0.2,0.545,3,2,32,3,0.25,0,0,0,0,0,3.535,0,0,0,,3.432,0,,1153.73,0.899,,0,0.313,0.5,0.0,Methylation (fills hydrophobic pocket),0.3679,,,,,,,,,,,,,,,,,,,,,,,,,,,,,,,,,,,,,,,,,,,,,,,,
CDK2,Nc1ncnc2c1ncn2[C@@H]1O[C@H](C(F)OP(=O)(O)OP(=O)(O)OP(=O)(O)O)[C@@H](O)[C@H]1O,EGNN-CrossAttn,0.2664,525.17,-1.33,279.13,7,13,8,0.1964,0.5,3,2,32,3,0.25,0,0,0,0,0,3.84,0,0,0,,4.062,0,,1142.75,0.896,,0,0.312,0.5,0.0,Fluorination (blocks metabolic oxidation),0.3669,,,,,,,,,,,,,,,,,,,,,,,,,,,,,,,,,,,,,,,,,,,,,,,,
CDK2,C[C@@]1(O)[C@H](O)[C@@H](COP(=O)(O)OP(=O)(O)OP(=O)(O)O)O[C@H]1n1cnc2c(N)ncnc21,EGNN-CrossAttn,0.2621,521.21,-1.24,279.13,7,13,8,0.2,0.545,3,2,32,3,0.25,0,0,0,0,0,3.535,0,0,0,,3.432,0,,1149.73,0.899,,0,0.3117,0.5,0.0,Methylation (fills hydrophobic pocket),0.3667,,,,,,,,,,,,,,,,,,,,,,,,,,,,,,,,,,,,,,,,,,,,,,,,
CDK2,Nc1ncnc2c1ncn2[C@@H]1O[C@H](COP(=O)(O)OP(=O)(O)OP(=O)(O)O)[C@](O)(F)[C@H]1O,EGNN-CrossAttn,0.2654,525.17,-1.33,279.13,7,13,8,0.1965,0.5,3,2,32,3,0.25,0,0,0,0,0,3.59,0,0,0,,4.062,0,,1154.57,0.896,,0,0.3117,0.5,0.0,Fluorination (blocks metabolic oxidation),0.3665,,,,,,,,,,,,,,,,,,,,,,,,,,,,,,,,,,,,,,,,,,,,,,,,
CDK2,C[C@@]1(n2cnc3c(N)ncnc32)O[C@H](COP(=O)(O)OP(=O)(O)OP(=O)(O)O)[C@@H](O)[C@H]1O,EGNN-CrossAttn,0.2647,521.21,-1.45,279.13,7,13,8,0.1955,0.545,3,2,32,3,0.25,0,0,0,0,0,3.535,0,0,0,,3.432,0,,1153.73,0.899,,0,0.3111,0.5,0.0,Methylation (fills hydrophobic pocket),0.3659,,,,,,,,,,,,,,,,,,,,,,,,,,,,,,,,,,,,,,,,,,,,,,,,
CDK2,Cc1nc2c(N)ncnc2n1[C@@H]1O[C@H](COP(=O)(O)OP(=O)(O)OP(=O)(O)O)[C@@H](O)[C@H]1O,EGNN-CrossAttn,0.2597,521.21,-1.32,279.13,7,13,8,0.1983,0.545,3,2,32,3,0.25,0,0,0,0,0,3.535,0,0,0,,3.432,0,,1151.98,0.899,,0,0.3103,0.5,0.0,Methylation (fills hydrophobic pocket),0.3652,,,,,,,,,,,,,,,,,,,,,,,,,,,,,,,,,,,,,,,,,,,,,,,,
CDK2,Cc1nc(N)c2ncn([C@@H]3O[C@H](COP(=O)(O)OP(=O)(O)OP(=O)(O)O)[C@@H](O)[C@H]3O)c2n1,EGNN-CrossAttn,0.2481,521.21,-1.32,279.13,7,13,8,0.1983,0.545,3,2,32,3,0.25,0,0,0,0,0,3.535,0,0,0,,3.432,0,,1151.98,0.899,,0,0.3062,0.5,0.0,Methylation (fills hydrophobic pocket),0.3611,,,,,,,,,,,,,,,,,,,,,,,,,,,,,,,,,,,,,,,,,,,,,,,,
CDK2,Nc1nc(O)nc2c1ncn2[C@@H]1O[C@H](COP(=O)(O)OP(=O)(O)OP(=O)(O)O)[C@@H](O)[C@H]1O,EGNN-CrossAttn,0.2594,523.18,-1.92,299.36,8,14,8,0.1748,0.5,3,2,32,3,0.25,0,0,0,0,0,3.59,0,0,0,,3.562,0,,1151.62,0.897,,0,0.302,0.5,0.0,Hydroxylation (modulates solubility),0.356,,,,,,,,,,,,,,,,,,,,,,,,,,,,,,,,,,,,,,,,,,,,,,,,
CDK2,Nc1ncnc2c1nc(N)n2[C@@H]1O[C@H](COP(=O)(O)OP(=O)(O)OP(=O)(O)O)[C@@H](O)[C@H]1O,EGNN-CrossAttn,0.254,522.2,-2.05,305.15,8,14,8,0.173,0.5,3,2,32,3,0.25,0,0,0,0,0,3.59,0,0,0,,3.562,0,,1152.91,0.898,,0,0.2994,0.5,0.0,Amination (introduces basic center),0.3534,,,,,,,,,,,,,,,,,,,,,,,,,,,,,,,,,,,,,,,,,,,,,,,,
CDK2,Nc1nc(N)c2ncn([C@@H]3O[C@H](COP(=O)(O)OP(=O)(O)OP(=O)(O)O)[C@@H](O)[C@H]3O)c2n1,EGNN-CrossAttn,0.2523,522.2,-2.05,305.15,8,14,8,0.173,0.5,3,2,32,3,0.25,0,0,0,0,0,3.59,0,0,0,,3.562,0,,1152.91,0.898,,0,0.2989,0.5,0.0,Amination (introduces basic center),0.3528,,,,,,,,,,,,,,,,,,,,,,,,,,,,,,,,,,,,,,,,,,,,,,,,
CDK2,Nc1ncnc2c1ncn2[C@@H]1O[C@](O)(COP(=O)(O)OP(=O)(O)OP(=O)(O)O)[C@@H](O)[C@H]1O,EGNN-CrossAttn,0.2573,523.18,-2.31,299.36,8,14,8,0.1685,0.5,3,2,32,3,0.25,0,0,0,0,0,3.59,0,0,0,,3.562,0,,1153.37,0.897,,0,0.299,0.5,0.0,Hydroxylation (modulates solubility),0.3527,,,,,,,,,,,,,,,,,,,,,,,,,,,,,,,,,,,,,,,,,,,,,,,,
CDK2,Nc1ncnc2c1ncn2[C@@H]1O[C@](N)(COP(=O)(O)OP(=O)(O)OP(=O)(O)O)[C@@H](O)[C@H]1O,EGNN-CrossAttn,0.2559,522.2,-2.34,305.15,8,14,8,0.1683,0.5,3,2,32,3,0.25,0,0,0,0,0,3.59,0,0,0,,3.562,0,,1154.67,0.898,,0,0.2985,0.5,0.0,Amination (introduces basic center),0.3521,,,,,,,,,,,,,,,,,,,,,,,,,,,,,,,,,,,,,,,,,,,,,,,,
CDK2,Nc1ncnc2c1nc(O)n2[C@@H]1O[C@H](COP(=O)(O)OP(=O)(O)OP(=O)(O)O)[C@@H](O)[C@H]1O,EGNN-CrossAttn,0.2456,523.18,-1.92,299.36,8,14,8,0.1748,0.5,3,2,32,3,0.25,0,0,0,0,0,3.59,0,0,0,,3.562,0,,1151.62,0.897,,0,0.2971,0.5,0.0,Hydroxylation (modulates solubility),0.3512,,,,,,,,,,,,,,,,,,,,,,,,,,,,,,,,,,,,,,,,,,,,,,,,
CDK2,Nc1ncnc2c1nc(F)n2[C@@H]1O[C@H](COP(=O)(O)OP(=O)(O)OP(=O)(O)O)[C@@H](O)[C@H]1O,EGNN-CrossAttn,0.2728,525.17,-1.49,279.13,7,13,8,0.1526,0.5,3,2,32,3,0.25,0,0,0,0,0,3.59,0,0,0,,4.062,0,,1156.81,0.896,,0,0.2989,0.5,0.0,Fluorination (blocks metabolic oxidation),0.3509,,,,,,,,,,,,,,,,,,,,,,,,,,,,,,,,,,,,,,,,,,,,,,,,
CDK2,Nc1ncnc2c1ncn2[C@]1(O)O[C@H](COP(=O)(O)OP(=O)(O)OP(=O)(O)O)[C@@H](O)[C@H]1O,EGNN-CrossAttn,0.2511,523.18,-2.53,299.36,8,14,8,0.1654,0.5,3,2,32,3,0.25,0,0,0,0,0,3.59,0,0,0,,3.562,0,,1153.37,0.897,,0,0.2958,0.5,0.0,Hydroxylation (modulates solubility),0.3493,,,,,,,,,,,,,,,,,,,,,,,,,,,,,,,,,,,,,,,,,,,,,,,,
CDK2,Nc1nc(F)nc2c1ncn2[C@@H]1O[C@H](COP(=O)(O)OP(=O)(O)OP(=O)(O)O)[C@@H](O)[C@H]1O,EGNN-CrossAttn,0.2602,525.17,-1.49,279.13,7,13,8,0.1526,0.5,3,2,32,3,0.25,0,0,0,0,0,3.59,0,0,0,,4.062,0,,1156.81,0.896,,0,0.2945,0.5,0.0,Fluorination (blocks metabolic oxidation),0.3468,,,,,,,,,,,,,,,,,,,,,,,,,,,,,,,,,,,,,,,,,,,,,,,,
CDK2,Nc1ncnc2c1ncn2[C@]1(N)O[C@H](COP(=O)(O)OP(=O)(O)OP(=O)(O)O)[C@@H](O)[C@H]1O,EGNN-CrossAttn,0.2372,522.2,-2.56,305.15,8,14,8,0.1653,0.5,3,2,32,3,0.25,0,0,0,0,0,3.59,0,0,0,,3.562,0,,1154.67,0.898,,0,0.2909,0.5,0.0,Amination (introduces basic center),0.3443,,,,,,,,,,,,,,,,,,,,,,,,,,,,,,,,,,,,,,,,,,,,,,,,
CDK2,Nc1ncnc2c1ncn2[C@@H]1O[C@H](COP(=O)(O)OP(=O)(O)OP(=O)(O)O)C(O)(O)[C@H]1O,EGNN-CrossAttn,0.2539,523.18,-2.31,299.36,8,14,8,0.1331,0.5,3,2,32,3,0.25,0,0,0,0,0,3.34,0,0,0,,3.562,0,,1149.37,0.897,,0,0.2854,0.5,0.0,Hydroxylation (modulates solubility),0.3353,,,,,,,,,,,,,,,,,,,,,,,,,,,,,,,,,,,,,,,,,,,,,,,,
CDK2,Nc1ncnc2c1ncn2[C@@H]1O[C@H](COP(=O)(O)OP(=O)(O)OP(=O)(O)O)[C@@H](O)C1(O)O,EGNN-CrossAttn,0.2537,523.18,-2.31,299.36,8,14,8,0.1331,0.5,3,2,32,3,0.25,0,0,0,0,0,3.34,0,0,0,,3.562,0,,1149.37,0.897,,0,0.2854,0.5,0.0,Hydroxylation (modulates solubility),0.3353,,,,,,,,,,,,,,,,,,,,,,,,,,,,,,,,,,,,,,,,,,,,,,,,
CDK2,Nc1ncnc2c1ncn2[C@@H]1O[C@H](C(O)OP(=O)(O)OP(=O)(O)OP(=O)(O)O)[C@@H](O)[C@H]1O,EGNN-CrossAttn,0.2495,523.18,-2.31,299.36,8,14,8,0.133,0.5,3,2,32,3,0.25,0,0,0,0,0,3.84,0,0,0,,3.562,0,,1137.55,0.897,,0,0.2839,0.5,0.0,Hydroxylation (modulates solubility),0.3338,,,,,,,,,,,,,,,,,,,,,,,,,,,,,,,,,,,,,,,,,,,,,,,,
CDK2,Nc1ncnc2c1ncn2[C@@H]1O[C@H](C(N)OP(=O)(O)OP(=O)(O)OP(=O)(O)O)[C@@H](O)[C@H]1O,EGNN-CrossAttn,0.248,522.2,-2.34,305.15,8,14,8,0.1329,0.5,3,2,32,3,0.25,0,0,0,0,0,3.84,0,0,0,,3.562,0,,1138.85,0.898,,0,0.2833,0.5,0.0,Amination (introduces basic center),0.3333,,,,,,,,,,,,,,,,,,,,,,,,,,,,,,,,,,,,,,,,,,,,,,,,
CDK2,Nc1ncnc2c1ncn2[C@@H]1O[C@H](COP(=O)(O)OP(=O)(O)OP(=O)(O)O)[C@@H](O)[C@@]1(N)O,EGNN-CrossAttn,0.2404,522.2,-2.34,305.15,8,14,8,0.1329,0.5,3,2,32,3,0.25,0,0,0,0,0,3.59,0,0,0,,3.562,0,,1150.67,0.898,,0,0.2807,0.5,0.0,Amination (introduces basic center),0.3307,,,,,,,,,,,,,,,,,,,,,,,,,,,,,,,,,,,,,,,,,,,,,,,,
CDK2,Nc1ncnc2c1ncn2[C@@H]1O[C@H](COP(=O)(O)OP(=O)(O)OP(=O)(O)O)[C@@](N)(O)[C@H]1O,EGNN-CrossAttn,0.2396,522.2,-2.34,305.15,8,14,8,0.1329,0.5,3,2,32,3,0.25,0,0,0,0,0,3.59,0,0,0,,3.562,0,,1150.67,0.898,,0,0.2804,0.5,0.0,Amination (introduces basic center),0.3304,,,,,,,,,,,,,,,,,,,,,,,,,,,,,,,,,,,,,,,,,,,,,,,,
HIV_Protease,CC(C)Cc1ccc(CC(NC(=O)c2ccc3oc(=O)cc(F)c3c2)C(O)Cn2cc(C(=O)NC(CC(=O)O)CC(C)C)nn2)cc1,EGNN-CrossAttn,0.4577,649.72,3.74,176.65,4,8,15,0.1398,0.412,4,4,47,1,0.75,0,0,0,0,0,3.596,0,0,0,,3.2,0,,1766.76,0.543,,0,0.4591,0.5,0.0,Fluorination (blocks metabolic oxidation),0.4627,8,[16*]c1ccc2oc(=O)cc(F)c2c1,12,0.5443,1.107,[4*]C(CC(=O)O)CC(C)C,9,0.6285,1.845,[16*]c1ccc([16*])cc1,6,0.4089,0.036,[9*]n1cc([14*])nn1,5,0.3799,-1.235,[4*]C(C[8*])C(O)C[8*],5,0.5168,0.62,[8*]CC(C)C,4,0.4286,1.61,[1*]C([6*])=O,2,0.3706,0.205,0.4577,0.1398,0.75,0.5,1.0,-0.1954,-0.3935,-0.0432,-0.1386,0.0,qed,0.1398,False,False,0.4627,[5*]N[5*],1,0.3713,-0.495
HIV_Protease,CC(C)Cc1ccc(CC(NC(=O)c2cc(F)c3oc(=O)ccc3c2)C(O)Cn2cc(C(=O)NC(CC(=O)O)CC(C)C)nn2)cc1,EGNN-CrossAttn,0.4407,649.72,3.74,176.65,4,8,15,0.1398,0.412,4,4,47,1,0.75,0,0,0,0,0,3.596,0,0,0,,3.2,0,,1766.76,0.543,,0,0.4532,0.5,0.0,Fluorination (blocks metabolic oxidation),0.4583,,,,,,,,,,,,,,,,,,,,,,,,,,,,,,,,,,,,,,,,,,,,,,,,
HIV_Protease,CC(C)Cc1ccc(CC(NC(=O)c2cc3ccc(=O)oc3cc2F)C(O)Cn2cc(C(=O)NC(CC(=O)O)CC(C)C)nn2)cc1,EGNN-CrossAttn,0.4188,649.72,3.74,176.65,4,8,15,0.1398,0.412,4,4,47,1,0.75,0,0,0,0,0,3.596,0,0,0,,3.2,0,,1766.76,0.543,,0,0.4455,0.5,0.0,Fluorination (blocks metabolic oxidation),0.4525,,,,,,,,,,,,,,,,,,,,,,,,,,,,,,,,,,,,,,,,,,,,,,,,
HIV_Protease,CC(C)Cc1ccc(CC(NC(=O)c2ccc3oc(=O)ccc3c2F)C(O)Cn2cc(C(=O)NC(CC(=O)O)CC(C)C)nn2)cc1,EGNN-CrossAttn,0.4163,649.72,3.74,176.65,4,8,15,0.1398,0.412,4,4,47,1,0.75,0,0,0,0,0,3.596,0,0,0,,3.2,0,,1766.76,0.543,,0,0.4446,0.5,0.0,Fluorination (blocks metabolic oxidation),0.4519,,,,,,,,,,,,,,,,,,,,,,,,,,,,,,,,,,,,,,,,,,,,,,,,
HIV_Protease,CC(C)Cc1ccc(CC(NC(=O)c2ccc3oc(=O)ccc3c2)C(O)Cn2cc(C(=O)NC(CC(=O)O)CC(C)C)nn2)cc1F,EGNN-CrossAttn,0.4126,649.72,3.74,176.65,4,8,15,0.1398,0.412,4,4,47,1,0.75,0,0,0,0,0,3.596,0,0,0,,3.2,0,,1784.01,0.543,,0,0.4433,0.5,0.0,Fluorination (blocks metabolic oxidation),0.4509,,,,,,,,,,,,,,,,,,,,,,,,,,,,,,,,,,,,,,,,,,,,,,,,
HIV_Protease,CC(C)Cc1ccc(CC(NC(=O)c2ccc3oc(=O)c(F)cc3c2)C(O)Cn2cc(C(=O)NC(CC(=O)O)CC(C)C)nn2)cc1,EGNN-CrossAttn,0.3989,649.72,3.74,176.65,4,8,15,0.1398,0.412,4,4,47,1,0.75,0,0,0,0,0,3.596,0,0,0,,3.2,0,,1766.76,0.543,,0,0.4385,0.5,0.0,Fluorination (blocks metabolic oxidation),0.4471,,,,,,,,,,,,,,,,,,,,,,,,,,,,,,,,,,,,,,,,,,,,,,,,
HIV_Protease,CC(C)Cc1ccc(CC(NC(=O)c2ccc3oc(=O)ccc3c2)C(O)C(F)n2cc(C(=O)NC(CC(=O)O)CC(C)C)nn2)cc1,EGNN-CrossAttn,0.3992,649.72,4.07,176.65,4,8,15,0.1383,0.412,4,4,47,1,0.75,0,0,0,0,0,3.846,0,0,0,,3.2,0,,1751.61,0.51,,0,0.4381,0.5,0.0,Fluorination (blocks metabolic oxidation),0.4462,,,,,,,,,,,,,,,,,,,,,,,,,,,,,,,,,,,,,,,,,,,,,,,,
HIV_Protease,CC(C)Cc1ccc(C(F)C(NC(=O)c2ccc3oc(=O)ccc3c2)C(O)Cn2cc(C(=O)NC(CC(=O)O)CC(C)C)nn2)cc1,EGNN-CrossAttn,0.3974,649.72,4.07,176.65,4,8,15,0.1383,0.412,4,4,47,1,0.75,0,0,0,0,0,3.846,0,0,0,,3.2,0,,1751.61,0.51,,0,0.4375,0.5,0.0,Fluorination (blocks metabolic oxidation),0.4457,,,,,,,,,,,,,,,,,,,,,,,,,,,,,,,,,,,,,,,,,,,,,,,,
HIV_Protease,CC(C)Cc1ccc(CC(NC(=O)c2ccc3oc(=O)ccc3c2)C(O)(F)Cn2cc(C(=O)NC(CC(=O)O)CC(C)C)nn2)cc1,EGNN-CrossAttn,0.3933,649.72,3.9,176.65,4,8,15,0.1392,0.412,4,4,47,1,0.75,0,0,0,0,0,3.596,0,0,0,,3.2,0,,1764.52,0.527,,0,0.4364,0.5,0.0,Fluorination (blocks metabolic oxidation),0.4451,,,,,,,,,,,,,,,,,,,,,,,,,,,,,,,,,,,,,,,,,,,,,,,,
HIV_Protease,CC(C)CC(CC(=O)O)NC(=O)c1cn(CC(O)C(Cc2ccc(C(F)C(C)C)cc2)NC(=O)c2ccc3oc(=O)ccc3c2)nn1,EGNN-CrossAttn,0.3949,649.72,4.07,176.65,4,8,15,0.1383,0.412,4,4,47,1,0.75,0,0,0,0,0,3.846,0,0,0,,3.2,0,,1751.61,0.51,,0,0.4366,0.5,0.0,Fluorination (blocks metabolic oxidation),0.445,,,,,,,,,,,,,,,,,,,,,,,,,,,,,,,,,,,,,,,,,,,,,,,,
HIV_Protease,CC(C)Cc1ccc(CC(NC(=O)c2ccc3oc(=O)ccc3c2)C(O)Cn2cc(C(=O)NC(CC(=O)O)CC(C)C)nn2)c(F)c1,EGNN-CrossAttn,0.3856,649.72,3.74,176.65,4,8,15,0.1398,0.412,4,4,47,1,0.75,0,0,0,0,0,3.596,0,0,0,,3.2,0,,1784.01,0.543,,0,0.4339,0.5,0.0,Fluorination (blocks metabolic oxidation),0.4433,,,,,,,,,,,,,,,,,,,,,,,,,,,,,,,,,,,,,,,,,,,,,,,,
HIV_Protease,CC(C)CC(CC(=O)O)NC(=O)c1cn(CC(O)C(Cc2ccc(CC(C)(C)F)cc2)NC(=O)c2ccc3oc(=O)ccc3c2)nn1,EGNN-CrossAttn,0.3849,649.72,3.7,176.65,4,8,15,0.1399,0.412,4,4,47,1,0.75,0,0,0,0,0,3.596,0,0,0,,3.2,0,,1761.01,0.547,,0,0.4337,0.5,0.0,Fluorination (blocks metabolic oxidation),0.4432,,,,,,,,,,,,,,,,,,,,,,,,,,,,,,,,,,,,,,,,,,,,,,,,
HIV_Protease,CC(C)CC(CC(=O)O)NC(=O)c1cn(CC(O)C(Cc2ccc(CC(C)CF)cc2)NC(=O)c2ccc3oc(=O)ccc3c2)nn1,EGNN-CrossAttn,0.401,649.72,3.55,176.65,4,8,16,0.1323,0.412,4,4,47,1,0.75,0,0,0,0,0,3.846,0,0,0,,3.2,0,,1736.72,0.561,,0,0.4367,0.5,0.0,Fluorination (blocks metabolic oxidation),0.4427,,,,,,,,,,,,,,,,,,,,,,,,,,,,,,,,,,,,,,,,,,,,,,,,
HIV_Protease,CC(C)Cc1ccc(CC(NC(=O)c2ccc3oc(=O)ccc3c2)C(O)Cn2cc(C(=O)NC(CC(C)C)C(F)C(=O)O)nn2)cc1,EGNN-CrossAttn,0.3754,649.72,3.55,176.65,4,8,15,0.1403,0.412,4,4,47,1,0.75,0,0,0,0,0,3.846,0,0,0,,3.2,0,,1751.61,0.562,,0,0.4305,0.5,0.0,Fluorination (blocks metabolic oxidation),0.4406,,,,,,,,,,,,,,,,,,,,,,,,,,,,,,,,,,,,,,,,,,,,,,,,
HIV_Protease,CC(C)Cc1ccc(CC(NC(=O)c2ccc3oc(=O)ccc3c2)C(O)Cn2nnc(C(=O)NC(CC(=O)O)CC(C)C)c2F)cc1,EGNN-CrossAttn,0.3725,649.72,3.74,176.65,4,8,15,0.1398,0.412,4,4,47,1,0.75,0,0,0,0,0,3.596,0,0,0,,3.2,0,,1766.76,0.543,,0,0.4293,0.5,0.0,Fluorination (blocks metabolic oxidation),0.4395,,,,,,,,,,,,,,,,,,,,,,,,,,,,,,,,,,,,,,,,,,,,,,,,
HIV_Protease,CC(C)Cc1ccc(CC(NC(=O)c2ccc3oc(=O)ccc3c2)C(O)Cn2cc(C(=O)NC(CC(=O)O)C(F)C(C)C)nn2)cc1,EGNN-CrossAttn,0.3674,649.72,3.55,176.65,4,8,15,0.1403,0.412,4,4,47,1,0.75,0,0,0,0,0,3.846,0,0,0,,3.2,0,,1751.61,0.562,,0,0.4277,0.5,0.0,Fluorination (blocks metabolic oxidation),0.4383,,,,,,,,,,,,,,,,,,,,,,,,,,,,,,,,,,,,,,,,,,,,,,,,
HIV_Protease,CC(C)Cc1ccc(CC(NC(=O)c2ccc3oc(=O)ccc3c2)C(O)Cn2cc(C(=O)NC(CC(=O)O)CC(C)(C)F)nn2)cc1,EGNN-CrossAttn,0.3631,649.72,3.7,176.65,4,8,15,0.1399,0.412,4,4,47,1,0.75,0,0,0,0,0,3.596,0,0,0,,3.2,0,,1761.01,0.547,,0,0.4261,0.5,0.0,Fluorination (blocks metabolic oxidation),0.4367,,,,,,,,,,,,,,,,,,,,,,,,,,,,,,,,,,,,,,,,,,,,,,,,
HIV_Protease,CC(C)Cc1ccc(CC(NC(=O)c2ccc3oc(=O)ccc3c2)C(O)Cn2cc(C(=O)NC(CC(=O)O)CC(C)CF)nn2)cc1,EGNN-CrossAttn,0.3736,649.72,3.55,176.65,4,8,16,0.1323,0.412,4,4,47,1,0.75,0,0,0,0,0,3.846,0,0,0,,3.2,0,,1736.72,0.561,,0,0.4271,0.5,0.0,Fluorination (blocks metabolic oxidation),0.435,,,,,,,,,,,,,,,,,,,,,,,,,,,,,,,,,,,,,,,,,,,,,,,,
HIV_Protease,CC(C)Cc1ccc(CC(F)(NC(=O)c2ccc3oc(=O)ccc3c2)C(O)Cn2cc(C(=O)NC(CC(=O)O)CC(C)C)nn2)cc1,EGNN-CrossAttn,0.3734,649.72,3.9,176.65,4,8,15,0.1099,0.412,4,4,47,1,0.75,0,0,0,0,0,3.596,0,0,0,,3.2,0,,1768.52,0.527,,0,0.4192,0.5,0.0,Fluorination (blocks metabolic oxidation),0.4191,,,,,,,,,,,,,,,,,,,,,,,,,,,,,,,,,,,,,,,,,,,,,,,,
HIV_Protease,CC(C)Cc1ccc(CC(NC(=O)c2cc3ccc(=O)oc3cc2O)C(O)Cn2cc(C(=O)NC(CC(=O)O)CC(C)C)nn2)cc1,EGNN-CrossAttn,0.3429,647.73,3.31,196.88,5,9,15,0.1194,0.412,4,4,47,1,0.75,0,0,0,0,0,3.596,0,0,0,,2.7,0,,1762.41,0.588,,0,0.4118,0.5,0.0,Hydroxylation (modulates solubility),0.4171,,,,,,,,,,,,,,,,,,,,,,,,,,,,,,,,,,,,,,,,,,,,,,,,
HIV_Protease,CC(C)Cc1ccc(C(O)C(NC(=O)c2ccc3oc(=O)ccc3c2)C(O)Cn2cc(C(=O)NC(CC(=O)O)CC(C)C)nn2)cc1,EGNN-CrossAttn,0.3421,647.73,3.1,196.88,5,9,15,0.1196,0.412,4,4,47,1,0.75,0,0,0,0,0,3.846,0,0,0,,2.7,0,,1747.26,0.609,,0,0.4116,0.5,0.0,Hydroxylation (modulates solubility),0.417,,,,,,,,,,,,,,,,,,,,,,,,,,,,,,,,,,,,,,,,,,,,,,,,
HIV_Protease,CC(C)Cc1ccc(CC(NC(=O)c2ccc3oc(=O)ccc3c2)C(O)Cn2nnc(C(=O)NC(CC(=O)O)CC(C)C)c2O)cc1,EGNN-CrossAttn,0.3404,647.73,3.31,196.88,5,9,15,0.1194,0.412,4,4,47,1,0.75,0,0,0,0,0,3.596,0,0,0,,2.7,0,,1762.41,0.588,,0,0.4109,0.5,0.0,Hydroxylation (modulates solubility),0.4163,,,,,,,,,,,,,,,,,,,,,,,,,,,,,,,,,,,,,,,,,,,,,,,,
HIV_Protease,CC(C)Cc1ccc(CC(NC(=O)c2ccc3oc(=O)ccc3c2)C(O)Cn2cc(C(=O)NC(CC(=O)O)CC(C)C)nn2)cc1O,EGNN-CrossAttn,0.335,647.73,3.31,196.88,5,9,15,0.1194,0.412,4,4,47,1,0.75,0,0,0,0,0,3.596,0,0,0,,2.7,0,,1779.66,0.588,,0,0.409,0.5,0.0,Hydroxylation (modulates solubility),0.4147,,,,,,,,,,,,,,,,,,,,,,,,,,,,,,,,,,,,,,,,,,,,,,,,
HIV_Protease,CC(C)Cc1ccc(CC(NC(=O)c2ccc3oc(=O)ccc3c2)C(O)Cn2cc(C(=O)NC(F)(CC(=O)O)CC(C)C)nn2)cc1,EGNN-CrossAttn,0.3578,649.72,3.9,176.65,4,8,15,0.1099,0.412,4,4,47,1,0.75,0,0,0,0,0,3.596,0,0,0,,3.2,0,,1768.52,0.527,,0,0.4137,0.5,0.0,Fluorination (blocks metabolic oxidation),0.4146,,,,,,,,,,,,,,,,,,,,,,,,,,,,,,,,,,,,,,,,,,,,,,,,
HIV_Protease,CC(C)CC(CC(=O)O)NC(=O)c1cn(CC(O)C(Cc2ccc(CC(C)(C)O)cc2)NC(=O)c2ccc3oc(=O)ccc3c2)nn1,EGNN-CrossAttn,0.3337,647.73,2.72,196.88,5,9,15,0.1197,0.412,4,4,47,1,0.75,0,0,0,0,0,3.596,0,0,0,,2.7,0,,1756.66,0.619,,0,0.4087,0.5,0.0,Hydroxylation (modulates solubility),0.4145,,,,,,,,,,,,,,,,,,,,,,,,,,,,,,,,,,,,,,,,,,,,,,,,
HIV_Protease,CC(C)Cc1ccc(CC(NC(=O)c2ccc3oc(=O)ccc3c2)C(O)C(O)n2cc(C(=O)NC(CC(=O)O)CC(C)C)nn2)cc1,EGNN-CrossAttn,0.334,647.73,3.1,196.88,5,9,15,0.1196,0.412,4,4,47,1,0.75,0,0,0,0,0,3.846,0,0,0,,2.7,0,,1747.26,0.609,,0,0.4088,0.5,0.0,Hydroxylation (modulates solubility),0.4145,,,,,,,,,,,,,,,,,,,,,,,,,,,,,,,,,,,,,,,,,,,,,,,,
HIV_Protease,CC(C)Cc1ccc(CC(NC(=O)c2ccc3oc(=O)ccc3c2)C(O)Cn2cc(C(=O)NC(CC(=O)O)CC(C)C)nn2)c(O)c1,EGNN-CrossAttn,0.3339,647.73,3.31,196.88,5,9,15,0.1194,0.412,4,4,47,1,0.75,0,0,0,0,0,3.596,0,0,0,,2.7,0,,1779.66,0.588,,0,0.4087,0.5,0.0,Hydroxylation (modulates solubility),0.4143,,,,,,,,,,,,,,,,,,,,,,,,,,,,,,,,,,,,,,,,,,,,,,,,
HIV_Protease,CC(C)CC(CC(=O)O)NC(=O)c1cn(CC(O)C(Cc2ccc(C(O)C(C)C)cc2)NC(=O)c2ccc3oc(=O)ccc3c2)nn1,EGNN-CrossAttn,0.3317,647.73,3.1,196.88,5,9,15,0.1196,0.412,4,4,47,1,0.75,0,0,0,0,0,3.846,0,0,0,,2.7,0,,1747.26,0.609,,0,0.408,0.5,0.0,Hydroxylation (modulates solubility),0.4138,,,,,,,,,,,,,,,,,,,,,,,,,,,,,,,,,,,,,,,,,,,,,,,,
HIV_Protease,CC(C)Cc1ccc(CC(NC(=O)c2ccc3oc(=O)ccc3c2)C(O)Cn2cc(C(=O)NC(CC(=O)O)C(O)C(C)C)nn2)cc1,EGNN-CrossAttn,0.3298,647.73,2.58,196.88,5,9,15,0.1196,0.412,4,4,47,1,0.75,0,0,0,0,0,3.846,0,0,0,,2.7,0,,1747.26,0.619,,0,0.4073,0.5,0.0,Hydroxylation (modulates solubility),0.4132,,,,,,,,,,,,,,,,,,,,,,,,,,,,,,,,,,,,,,,,,,,,,,,,
HIV_Protease,CC(C)Cc1ccc(CC(NC(=O)c2ccc3oc(=O)ccc3c2)C(O)Cn2cc(C(=O)NC(CC(=O)O)CC(C)(C)O)nn2)cc1,EGNN-CrossAttn,0.323,647.73,2.72,196.88,5,9,15,0.1197,0.412,4,4,47,1,0.75,0,0,0,0,0,3.596,0,0,0,,2.7,0,,1756.66,0.619,,0,0.4049,0.5,0.0,Hydroxylation (modulates solubility),0.4111,,,,,,,,,,,,,,,,,,,,,,,,,,,,,,,,,,,,,,,,,,,,,,,,
HIV_Protease,CC(C)Cc1ccc(CC(NC(=O)c2ccc3oc(=O)ccc3c2)C(O)Cn2cc(C(=O)NC(CC(=O)O)CC(C)CO)nn2)cc1,EGNN-CrossAttn,0.3353,647.73,2.58,196.88,5,9,16,0.1128,0.412,4,4,47,1,0.75,0,0,0,0,0,3.846,0,0,0,,2.7,0,,1732.37,0.619,,0,0.4068,0.5,0.0,Hydroxylation (modulates solubility),0.4101,,,,,,,,,,,,,,,,,,,,,,,,,,,,,,,,,,,,,,,,,,,,,,,,
HIV_Protease,CC(C)Cc1ccc(CC(NC(=O)c2ccc3oc(=O)ccc3c2O)C(O)Cn2cc(C(=O)NC(CC(=O)O)CC(C)C)nn2)cc1,EGNN-CrossAttn,0.3193,647.73,3.31,196.88,5,9,15,0.1194,0.412,4,4,47,1,0.75,0,0,0,0,0,3.596,0,0,0,,2.7,0,,1762.41,0.588,,0,0.4035,0.5,0.0,Hydroxylation (modulates solubility),0.4097,,,,,,,,,,,,,,,,,,,,,,,,,,,,,,,,,,,,,,,,,,,,,,,,
HIV_Protease,CC(C)Cc1ccc(CC(NC(=O)c2ccc3oc(=O)ccc3c2)C(O)Cn2cc(C(=O)NC(CC(C)C)C(O)C(=O)O)nn2)cc1,EGNN-CrossAttn,0.3147,647.73,2.58,196.88,5,9,15,0.1196,0.412,4,4,47,1,0.75,0,0,0,0,0,3.846,0,0,0,,2.7,0,,1747.26,0.619,,0,0.402,0.5,0.0,Hydroxylation (modulates solubility),0.4084,,,,,,,,,,,,,,,,,,,,,,,,,,,,,,,,,,,,,,,,,,,,,,,,
HIV_Protease,CC(C)CC(CC(=O)O)NC(=O)c1cn(CC(O)C(Cc2ccc(CC(C)CO)cc2)NC(=O)c2ccc3oc(=O)ccc3c2)nn1,EGNN-CrossAttn,0.3291,647.73,2.58,196.88,5,9,16,0.1128,0.412,4,4,47,1,0.75,0,0,0,0,0,3.846,0,0,0,,2.7,0,,1732.37,0.619,,0,0.4047,0.5,0.0,Hydroxylation (modulates solubility),0.4082,,,,,,,,,,,,,,,,,,,,,,,,,,,,,,,,,,,,,,,,,,,,,,,,
HIV_Protease,CC(C)Cc1ccc(CC(NC(=O)c2ccc3oc(=O)c(O)cc3c2)C(O)Cn2cc(C(=O)NC(CC(=O)O)CC(C)C)nn2)cc1,EGNN-CrossAttn,0.3142,647.73,3.31,196.88,5,9,15,0.1194,0.412,4,4,47,1,0.75,0,0,0,0,0,3.596,0,0,0,,2.7,0,,1762.41,0.588,,0,0.4018,0.5,0.0,Hydroxylation (modulates solubility),0.4081,,,,,,,,,,,,,,,,,,,,,,,,,,,,,,,,,,,,,,,,,,,,,,,,
HIV_Protease,CC(C)Cc1ccc(CC(NC(=O)c2cc(O)c3oc(=O)ccc3c2)C(O)Cn2cc(C(=O)NC(CC(=O)O)CC(C)C)nn2)cc1,EGNN-CrossAttn,0.3138,647.73,3.31,196.88,5,9,15,0.1194,0.412,4,4,47,1,0.75,0,0,0,0,0,3.596,0,0,0,,2.7,0,,1762.41,0.588,,0,0.4016,0.5,0.0,Hydroxylation (modulates solubility),0.408,,,,,,,,,,,,,,,,,,,,,,,,,,,,,,,,,,,,,,,,,,,,,,,,
HIV_Protease,CC(C)Cc1ccc(CC(NC(=O)c2ccc3oc(=O)cc(O)c3c2)C(O)Cn2cc(C(=O)NC(CC(=O)O)CC(C)C)nn2)cc1,EGNN-CrossAttn,0.3107,647.73,3.31,196.88,5,9,15,0.1194,0.412,4,4,47,1,0.75,0,0,0,0,0,3.596,0,0,0,,2.7,0,,1762.41,0.588,,0,0.4005,0.5,0.0,Hydroxylation (modulates solubility),0.4069,,,,,,,,,,,,,,,,,,,,,,,,,,,,,,,,,,,,,,,,,,,,,,,,
HIV_Protease,CC(C)Cc1ccc(CC(O)(NC(=O)c2ccc3oc(=O)ccc3c2)C(O)Cn2cc(C(=O)NC(CC(=O)O)CC(C)C)nn2)cc1,EGNN-CrossAttn,0.3382,647.73,2.92,196.88,5,9,15,0.0945,0.412,4,4,47,1,0.75,0,0,0,0,0,3.596,0,0,0,,2.7,0,,1764.17,0.619,,0,0.4014,0.5,0.0,Hydroxylation (modulates solubility),0.3967,,,,,,,,,,,,,,,,,,,,,,,,,,,,,,,,,,,,,,,,,,,,,,,,
HIV_Protease,CC(C)Cc1ccc(CC(NC(=O)c2ccc3oc(=O)ccc3c2)C(O)(O)Cn2cc(C(=O)NC(CC(=O)O)CC(C)C)nn2)cc1,EGNN-CrossAttn,0.3344,647.73,2.92,196.88,5,9,15,0.0945,0.412,4,4,47,1,0.75,0,0,0,0,0,3.346,0,0,0,,2.7,0,,1760.17,0.619,,0,0.4001,0.5,0.0,Hydroxylation (modulates solubility),0.3956,,,,,,,,,,,,,,,,,,,,,,,,,,,,,,,,,,,,,,,,,,,,,,,,
HIV_Protease,CC(C)Cc1ccc(CC(NC(=O)c2ccc3oc(=O)ccc3c2)C(O)Cn2cc(C(=O)NC(O)(CC(=O)O)CC(C)C)nn2)cc1,EGNN-CrossAttn,0.3273,647.73,2.92,196.88,5,9,15,0.0945,0.412,4,4,47,1,0.75,0,0,0,0,0,3.596,0,0,0,,2.7,0,,1764.17,0.619,,0,0.3976,0.5,0.0,Hydroxylation (modulates solubility),0.3934,,,,,,,,,,,,,,,,,,,,,,,,,,,,,,,,,,,,,,,,,,,,,,,,
AChE,CCN(C)[C@@H]1CC[C@]2(O)CCc3cc(OC)ccc3C2(F)C1,EGNN-CrossAttn,0.5909,307.41,3.04,32.7,1,3,3,0.9315,0.667,3,1,22,0,1.0,1,1,1,1,0,2.44,1,0,0,,2.412,0,,564.02,0.996,,0,0.8328,0.5,0.0,Fluorination (blocks metabolic oxidation),0.7525,4,[15*][C@@H]1CC[C@]2(O)CCc3cc([16*])ccc3C2(F)C1,16,0.7076,2.225,[3*]OC,2,0.3672,0.097,[5*]N([5*])C,2,0.3571,-0.153,[4*]CC,2,0.3715,0.974,,,,,,,,,,,,,0.5909,0.9315,1.0,0.5,1.0,-0.1315,-0.0142,0.0,-0.1386,0.0,physics,0.5,False,False,0.7525,,,,
AChE,CCN(C)[C@@H]1CC(F)[C@]2(O)CCc3cc(OC)ccc3C2C1,EGNN-CrossAttn,0.5815,307.41,2.91,32.7,1,3,3,0.9318,0.667,3,1,22,0,1.0,1,1,1,1,0,2.69,1,0,0,,2.412,0,,549.89,1.0,,0,0.8297,0.5,0.0,Fluorination (blocks metabolic oxidation),0.7495,,,,,,,,,,,,,,,,,,,,,,,,,,,,,,,,,,,,,,,,,,,,,,,,
AChE,CCN(C)[C@@H]1CC[C@]2(O)C(F)Cc3cc(OC)ccc3C2C1,EGNN-CrossAttn,0.5795,307.41,2.91,32.7,1,3,3,0.9318,0.667,3,1,22,0,1.0,1,1,1,1,0,2.69,1,0,0,,2.412,0,,549.89,1.0,,0,0.829,0.5,0.0,Fluorination (blocks metabolic oxidation),0.7489,,,,,,,,,,,,,,,,,,,,,,,,,,,,,,,,,,,,,,,,,,,,,,,,
AChE,CCN(C)[C@@H]1CC[C@]2(O)CCc3cc(OCF)ccc3C2C1,EGNN-CrossAttn,0.5783,307.41,3.26,32.7,1,3,4,0.9266,0.667,3,1,22,0,1.0,1,1,1,1,0,2.44,1,0,0,,2.412,0,,535.82,0.974,,0,0.8267,0.5,0.0,Fluorination (blocks metabolic oxidation),0.7477,,,,,,,,,,,,,,,,,,,,,,,,,,,,,,,,,,,,,,,,,,,,,,,,
AChE,CCN(C)[C@@H]1CC[C@]2(O)CC(F)c3cc(OC)ccc3C2C1,EGNN-CrossAttn,0.5687,307.41,3.43,32.7,1,3,3,0.9284,0.667,3,1,22,0,1.0,1,1,1,1,0,2.69,1,0,0,,2.412,0,,549.89,0.957,,0,0.824,0.5,0.0,Fluorination (blocks metabolic oxidation),0.7448,,,,,,,,,,,,,,,,,,,,,,,,,,,,,,,,,,,,,,,,,,,,,,,,
AChE,CCN(C)[C@@H]1CC[C@]2(O)CCc3cc(OC)ccc3C2C1F,EGNN-CrossAttn,0.5438,307.41,2.91,32.7,1,3,3,0.9318,0.667,3,1,22,0,1.0,1,1,1,1,0,2.69,1,0,0,,2.412,0,,549.89,1.0,,0,0.8165,0.5,0.0,Fluorination (blocks metabolic oxidation),0.7371,,,,,,,,,,,,,,,,,,,,,,,,,,,,,,,,,,,,,,,,,,,,,,,,
AChE,CCN(C)[C@H]1CC2c3ccc(OC)cc3CC[C@@]2(O)CC1F,EGNN-CrossAttn,0.5174,307.41,2.91,32.7,1,3,3,0.9318,0.667,3,1,22,0,1.0,1,1,1,1,0,2.69,1,0,0,,2.412,0,,549.89,1.0,,0,0.8072,0.5,0.0,Fluorination (blocks metabolic oxidation),0.728,,,,,,,,,,,,,,,,,,,,,,,,,,,,,,,,,,,,,,,,,,,,,,,,
AChE,CCN(C)[C@]1(F)CC[C@]2(O)CCc3cc(OC)ccc3C2C1,EGNN-CrossAttn,0.5128,307.41,3.26,32.7,1,3,3,0.8701,0.667,3,1,22,0,1.0,1,1,1,1,0,2.44,1,0,0,,2.412,0,,564.02,0.974,,0,0.784,0.5,0.0,Fluorination (blocks metabolic oxidation),0.7165,,,,,,,,,,,,,,,,,,,,,,,,,,,,,,,,,,,,,,,,,,,,,,,,
AChE,COc1ccc2c(c1)CC[C@@]1(O)CC[C@@H](N(C)CCF)CC21,EGNN-CrossAttn,0.4563,307.41,2.91,32.7,1,3,4,0.9282,0.667,3,1,22,0,1.0,1,1,1,1,0,2.44,1,0,0,,2.412,0,,535.82,1.0,,0,0.7846,0.5,0.0,Fluorination (blocks metabolic oxidation),0.7049,,,,,,,,,,,,,,,,,,,,,,,,,,,,,,,,,,,,,,,,,,,,,,,,
AChE,COc1ccc2c(c1)CC[C@@]1(O)CC[C@@H](N(C)C(C)F)CC21,EGNN-CrossAttn,0.4531,307.41,3.26,32.7,1,3,3,0.8702,0.667,3,1,22,0,1.0,1,1,1,1,0,2.69,1,0,0,,2.412,0,,547.89,0.974,,0,0.7632,0.5,0.0,Fluorination (blocks metabolic oxidation),0.6947,,,,,,,,,,,,,,,,,,,,,,,,,,,,,,,,,,,,,,,,,,,,,,,,
AChE,CCN(CF)[C@@H]1CC[C@]2(O)CCc3cc(OC)ccc3C2C1,EGNN-CrossAttn,0.4428,307.41,3.26,32.7,1,3,4,0.8668,0.667,3,1,22,0,1.0,1,1,1,1,0,2.44,1,0,0,,2.412,0,,531.82,0.974,,0,0.7584,0.5,0.0,Fluorination (blocks metabolic oxidation),0.6901,,,,,,,,,,,,,,,,,,,,,,,,,,,,,,,,,,,,,,,,,,,,,,,,
AChE,CCN(C)[C@@H]1CC[C@]2(O)CCc3cc(OC)cc(F)c3C2C1,EGNN-CrossAttn,0.3882,307.41,3.1,32.7,1,3,3,0.9312,0.667,3,1,22,0,1.0,1,1,1,1,0,2.44,1,0,0,,2.412,0,,562.26,0.99,,0,0.7618,0.5,0.0,Fluorination (blocks metabolic oxidation),0.6774,,,,,,,,,,,,,,,,,,,,,,,,,,,,,,,,,,,,,,,,,,,,,,,,
AChE,CCN(C)[C@@H]1CC[C@]2(O)CCc3cc(OC)c(F)cc3C2C1,EGNN-CrossAttn,0.377,307.41,3.1,32.7,1,3,3,0.9312,0.667,3,1,22,0,1.0,1,1,1,1,0,2.44,1,0,0,,2.412,0,,562.26,0.99,,0,0.7579,0.5,0.0,Fluorination (blocks metabolic oxidation),0.6725,,,,,,,,,,,,,,,,,,,,,,,,,,,,,,,,,,,,,,,,,,,,,,,,
AChE,CCN(C)[C@@H]1CC[C@]2(O)CCc3c(ccc(OC)c3O)C2C1,EGNN-CrossAttn,0.3855,305.42,2.67,52.93,2,4,3,0.9013,0.667,3,1,22,0,1.0,1,1,1,1,0,2.44,1,0,0,,1.912,0,,559.51,1.0,,0,0.7504,0.5,0.0,Hydroxylation (modulates solubility),0.6719,,,,,,,,,,,,,,,,,,,,,,,,,,,,,,,,,,,,,,,,,,,,,,,,
AChE,CCN(C)[C@@H]1CC[C@]2(O)CCc3cc(OC)c(N)cc3C2C1,EGNN-CrossAttn,0.402,304.43,2.54,58.72,2,4,3,0.8427,0.667,3,1,22,0,1.0,1,1,1,1,0,2.44,1,0,0,cyp_aniline,1.912,1,cyp_aniline,560.26,1.0,,0,0.7356,0.5,0.0,Amination (introduces basic center),0.6699,,,,,,,,,,,,,,,,,,,,,,,,,,,,,,,,,,,,,,,,,,,,,,,,
AChE,CCN(C)[C@@H]1CC[C@]2(O)CCc3cc(OCN)ccc3C2C1,EGNN-CrossAttn,0.3981,304.43,2.25,58.72,2,4,4,0.8377,0.667,3,1,22,0,1.0,1,1,1,1,0,2.44,1,0,0,,1.912,0,,533.82,1.0,,0,0.7325,0.5,0.0,Amination (introduces basic center),0.6674,,,,,,,,,,,,,,,,,,,,,,,,,,,,,,,,,,,,,,,,,,,,,,,,
AChE,CCN(C)[C@@H]1CC[C@]2(O)CCc3c(ccc(OC)c3F)C2C1,EGNN-CrossAttn,0.3578,307.41,3.1,32.7,1,3,3,0.9312,0.667,3,1,22,0,1.0,1,1,1,1,0,2.44,1,0,0,,2.412,0,,562.26,0.99,,0,0.7511,0.5,0.0,Fluorination (blocks metabolic oxidation),0.6638,,,,,,,,,,,,,,,,,,,,,,,,,,,,,,,,,,,,,,,,,,,,,,,,
AChE,CCN(C)[C@@H]1CC[C@]2(O)C(N)Cc3cc(OC)ccc3C2C1,EGNN-CrossAttn,0.3639,304.43,1.9,58.72,2,4,3,0.8953,0.667,3,1,22,0,1.0,1,1,1,1,0,2.69,1,0,0,,1.912,0,,547.89,1.0,,0,0.7407,0.5,0.0,Amination (introduces basic center),0.6614,,,,,,,,,,,,,,,,,,,,,,,,,,,,,,,,,,,,,,,,,,,,,,,,
AChE,CCN(C)[C@@H]1CC[C@]2(O)CCc3cc(OC)ccc3C2(N)C1,EGNN-CrossAttn,0.3596,304.43,2.03,58.72,2,4,3,0.8969,0.667,3,1,22,0,1.0,1,1,1,1,0,2.44,1,0,0,,1.912,0,,562.02,1.0,,0,0.7398,0.5,0.0,Amination (introduces basic center),0.6596,,,,,,,,,,,,,,,,,,,,,,,,,,,,,,,,,,,,,,,,,,,,,,,,
AChE,CCN(C)[C@@H]1CC[C@]2(O)CCc3cc(OC)c(O)cc3C2C1,EGNN-CrossAttn,0.3522,305.42,2.67,52.93,2,4,3,0.9013,0.667,3,1,22,0,1.0,1,1,1,1,0,2.44,1,0,0,,1.912,0,,559.51,1.0,,0,0.7387,0.5,0.0,Hydroxylation (modulates solubility),0.6568,,,,,,,,,,,,,,,,,,,,,,,,,,,,,,,,,,,,,,,,,,,,,,,,
AChE,CCN(C)[C@@H]1CC[C@]2(O)CC(N)c3cc(OC)ccc3C2C1,EGNN-CrossAttn,0.3508,304.43,2.42,58.72,2,4,3,0.9002,0.667,3,1,22,0,1.0,1,1,1,1,0,2.69,1,0,0,,1.912,0,,547.89,1.0,,0,0.7379,0.5,0.0,Amination (introduces basic center),0.656,,,,,,,,,,,,,,,,,,,,,,,,,,,,,,,,,,,,,,,,,,,,,,,,
AChE,CCN(C)[C@@H]1CC[C@]2(O)CCc3cc(OC)cc(N)c3C2C1,EGNN-CrossAttn,0.3638,304.43,2.54,58.72,2,4,3,0.8427,0.667,3,1,22,0,1.0,1,1,1,1,0,2.44,1,0,0,cyp_aniline,1.912,1,cyp_aniline,560.26,1.0,,0,0.7223,0.5,0.0,Amination (introduces basic center),0.6533,,,,,,,,,,,,,,,,,,,,,,,,,,,,,,,,,,,,,,,,,,,,,,,,
AChE,CCN(C)[C@@H]1CC[C@]2(O)CCc3cc(OC)cc(O)c3C2C1,EGNN-CrossAttn,0.3444,305.42,2.67,52.93,2,4,3,0.9013,0.667,3,1,22,0,1.0,1,1,1,1,0,2.44,1,0,0,,1.912,0,,559.51,1.0,,0,0.736,0.5,0.0,Hydroxylation (modulates solubility),0.6532,,,,,,,,,,,,,,,,,,,,,,,,,,,,,,,,,,,,,,,,,,,,,,,,
AChE,CCN(C)[C@@H]1CC(N)[C@]2(O)CCc3cc(OC)ccc3C2C1,EGNN-CrossAttn,0.3432,304.43,1.9,58.72,2,4,3,0.8953,0.667,3,1,22,0,1.0,1,1,1,1,0,2.69,1,0,0,,1.912,0,,547.89,1.0,,0,0.7335,0.5,0.0,Amination (introduces basic center),0.6517,,,,,,,,,,,,,,,,,,,,,,,,,,,,,,,,,,,,,,,,,,,,,,,,
AChE,CCN(C)[C@H]1CC2c3ccc(OC)cc3CC[C@@]2(O)CC1N,EGNN-CrossAttn,0.3334,304.43,1.9,58.72,2,4,3,0.8953,0.667,3,1,22,0,1.0,1,1,1,1,0,2.69,1,0,0,,1.912,0,,547.89,1.0,,0,0.73,0.5,0.0,Amination (introduces basic center),0.647,,,,,,,,,,,,,,,,,,,,,,,,,,,,,,,,,,,,,,,,,,,,,,,,
AChE,CCN(C)[C@@H]1CC[C@]2(O)CCc3c(ccc(OC)c3N)C2C1,EGNN-CrossAttn,0.3465,304.43,2.54,58.72,2,4,3,0.8427,0.667,3,1,22,0,1.0,1,1,1,1,0,2.44,1,0,0,cyp_aniline,1.912,1,cyp_aniline,560.26,1.0,,0,0.7162,0.5,0.0,Amination (introduces basic center),0.6454,,,,,,,,,,,,,,,,,,,,,,,,,,,,,,,,,,,,,,,,,,,,,,,,
AChE,CCN(C)[C@@H]1CC[C@]2(O)CCc3cc(OC)ccc3C2C1N,EGNN-CrossAttn,0.3268,304.43,1.9,58.72,2,4,3,0.8953,0.667,3,1,22,0,1.0,1,1,1,1,0,2.69,1,0,0,,1.912,0,,547.89,1.0,,0,0.7277,0.5,0.0,Amination (introduces basic center),0.6438,,,,,,,,,,,,,,,,,,,,,,,,,,,,,,,,,,,,,,,,,,,,,,,,
AChE,CCN(C)[C@@H]1CC[C@]2(O)CC(O)c3cc(OC)ccc3C2C1,EGNN-CrossAttn,0.3246,305.42,2.45,52.93,2,4,3,0.9005,0.667,3,1,22,0,1.0,1,1,1,1,0,2.69,1,0,0,,1.912,0,,547.13,1.0,,0,0.7288,0.5,0.0,Hydroxylation (modulates solubility),0.6435,,,,,,,,,,,,,,,,,,,,,,,,,,,,,,,,,,,,,,,,,,,,,,,,
AChE,CCN(CN)[C@@H]1CC[C@]2(O)CCc3cc(OC)ccc3C2C1,EGNN-CrossAttn,0.3395,304.43,2.25,58.72,2,4,4,0.8377,0.667,3,1,22,0,1.0,1,1,1,1,0,2.44,1,0,0,,1.912,0,,529.82,1.0,,0,0.712,0.5,0.0,Amination (introduces basic center),0.6414,,,,,,,,,,,,,,,,,,,,,,,,,,,,,,,,,,,,,,,,,,,,,,,,
AChE,CCN(C)[C@]1(N)CC[C@]2(O)CCc3cc(OC)ccc3C2C1,EGNN-CrossAttn,0.334,304.43,2.25,58.72,2,4,3,0.841,0.667,3,1,22,0,1.0,1,1,1,1,0,2.44,1,0,0,,1.912,0,,562.02,1.0,,0,0.7112,0.5,0.0,Amination (introduces basic center),0.6393,,,,,,,,,,,,,,,,,,,,,,,,,,,,,,,,,,,,,,,,,,,,,,,,
AChE,CCN(C)[C@@H]1CC[C@]2(O)CCc3cc(OC)ccc3C2C1O,EGNN-CrossAttn,0.309,305.42,1.93,52.93,2,4,3,0.8958,0.667,3,1,22,0,1.0,1,1,1,1,0,2.69,1,0,0,,1.912,0,,547.13,1.0,,0,0.7217,0.5,0.0,Hydroxylation (modulates solubility),0.6349,,,,,,,,,,,,,,,,,,,,,,,,,,,,,,,,,,,,,,,,,,,,,,,,
AChE,CCN(C)[C@@H]1CC[C@]2(O)CCc3cc(OC)ccc3C2(O)C1,EGNN-CrossAttn,0.3024,305.42,2.06,52.93,2,4,3,0.8974,0.667,3,1,22,0,1.0,1,1,1,1,0,2.44,1,0,0,,1.912,0,,561.26,1.0,,0,0.7199,0.5,0.0,Hydroxylation (modulates solubility),0.6317,,,,,,,,,,,,,,,,,,,,,,,,,,,,,,,,,,,,,,,,,,,,,,,,
AChE,COc1ccc2c(c1)CC[C@@]1(O)CC[C@@H](N(C)CCO)CC21,EGNN-CrossAttn,0.2934,305.42,1.93,52.93,2,4,4,0.8924,0.667,3,1,22,0,1.0,1,1,1,1,0,2.44,1,0,0,,1.912,0,,533.06,1.0,,0,0.715,0.5,0.0,Hydroxylation (modulates solubility),0.6263,,,,,,,,,,,,,,,,,,,,,,,,,,,,,,,,,,,,,,,,,,,,,,,,
AChE,CCN(C)[C@H]1CC2c3ccc(OC)cc3CC[C@@]2(O)CC1O,EGNN-CrossAttn,0.2918,305.42,1.93,52.93,2,4,3,0.8958,0.667,3,1,22,0,1.0,1,1,1,1,0,2.69,1,0,0,,1.912,0,,547.13,1.0,,0,0.7157,0.5,0.0,Hydroxylation (modulates solubility),0.6259,,,,,,,,,,,,,,,,,,,,,,,,,,,,,,,,,,,,,,,,,,,,,,,,
AChE,COc1ccc2c(c1)CC[C@@]1(O)CC[C@@H](N(C)C(C)O)CC21,EGNN-CrossAttn,0.3067,305.42,2.28,52.93,2,4,3,0.8414,0.667,3,1,22,0,1.0,1,1,1,1,0,2.69,1,0,0,,1.912,0,,545.13,1.0,,0,0.7018,0.5,0.0,Hydroxylation (modulates solubility),0.6259,,,,,,,,,,,,,,,,,,,,,,,,,,,,,,,,,,,,,,,,,,,,,,,,
AChE,CCN(C)[C@]1(O)CC[C@]2(O)CCc3cc(OC)ccc3C2C1,EGNN-CrossAttn,0.2985,305.42,2.28,52.93,2,4,3,0.8414,0.667,3,1,22,0,1.0,1,1,1,1,0,2.44,1,0,0,,1.912,0,,561.26,1.0,,0,0.699,0.5,0.0,Hydroxylation (modulates solubility),0.6216,,,,,,,,,,,,,,,,,,,,,,,,,,,,,,,,,,,,,,,,,,,,,,,,
AChE,CCN(C)[C@@H]1CC[C@]2(O)C(O)Cc3cc(OC)ccc3C2C1,EGNN-CrossAttn,0.2798,305.42,1.93,52.93,2,4,3,0.8958,0.667,3,1,22,0,1.0,1,1,1,1,0,2.69,1,0,0,,1.912,0,,547.13,1.0,,0,0.7115,0.5,0.0,Hydroxylation (modulates solubility),0.6194,,,,,,,,,,,,,,,,,,,,,,,,,,,,,,,,,,,,,,,,,,,,,,,,
AChE,CCN(CO)[C@@H]1CC[C@]2(O)CCc3cc(OC)ccc3C2C1,EGNN-CrossAttn,0.2935,305.42,2.28,52.93,2,4,4,0.8381,0.667,3,1,22,0,1.0,1,1,1,1,0,2.44,1,0,0,,1.912,0,,529.06,1.0,,0,0.6961,0.5,0.0,Hydroxylation (modulates solubility),0.6185,,,,,,,,,,,,,,,,,,,,,,,,,,,,,,,,,,,,,,,,,,,,,,,,
AChE,CCN(C)[C@@H]1CC(O)[C@]2(O)CCc3cc(OC)ccc3C2C1,EGNN-CrossAttn,0.2781,305.42,1.93,52.93,2,4,3,0.8958,0.667,3,1,22,0,1.0,1,1,1,1,0,2.69,1,0,0,,1.912,0,,547.13,1.0,,0,0.7109,0.5,0.0,Hydroxylation (modulates solubility),0.6184,,,,,,,,,,,,,,,,,,,,,,,,,,,,,,,,,,,,,,,,,,,,,,,,
AChE,CCN(C)[C@@H]1CC[C@]2(O)CCc3cc(OCO)ccc3C2C1,EGNN-CrossAttn,0.2801,305.42,2.28,52.93,2,4,4,0.8381,0.667,3,1,22,0,1.0,1,1,1,1,0,2.44,1,0,0,,1.912,0,,533.06,1.0,,0,0.6914,0.5,0.0,Hydroxylation (modulates solubility),0.6113,,,,,,,,,,,,,,,,,,,,,,,,,,,,,,,,,,,,,,,,,,,,,,,,
